user_id,session_id,timestamp,feature_name,event_type,device_type,Place
1,01JWA8EE4N6776XCVHAXTAMDQ5,2/17/2025,Checkout,drop,Desktop,Japan
2,01JWA8EE5NM3ECY0TGJNT554P0,02/05/2025,Cart,complete,Mobile,United States
3,01JWA8EE5QXXNJCG6VC0GPY2H9,12/18/2024,Search,drop,Mobile,United States
4,01JWA8EE5SE4QA4TSS4BMTZDZB,11/14/2024,Dashboard,start,Mobile,Russia
5,01JWA8EE5VW4JRJTP4MYQNBF7N,10/13/2024,Checkout,click,Desktop,United States
6,01JWA8EE5W27W06F77Q7RV98RE,8/24/2024,Checkout,start,Mobile,Japan
7,01JWA8EE5ZG23WZ4Z9GJRHQCDA,10/22/2024,Checkout,click,Desktop,Russia
8,01JWA8EE60EA7F7B0M0WA8Q2FK,3/20/2025,Cart,complete,Desktop,United States
9,01JWA8EE61VT2MVDTDZN2JSXJ7,6/15/2024,Cart,drop,Mobile,Japan
10,01JWA8EE63NTZBC5MAZK03JEMK,8/19/2024,Cart,complete,Mobile,Japan
11,01JWA8EE65H7Z4G1X2YK5296C8,5/19/2025,Checkout,drop,Desktop,Netherlands
12,01JWA8EE6732JQ0067PEQNFKHW,9/29/2024,Cart,start,Mobile,Russia
13,01JWA8EE69FTHYAEZ2K521T9J5,7/19/2024,Cart,click,Mobile,Russia
14,01JWA8EE6C57GW8976FN4RCP85,09/05/2024,Login,complete,Desktop,United States
15,01JWA8EE6FBSPEK728DP3TMW5Y,2/24/2025,Cart,drop,Desktop,Russia
16,01JWA8EE6H856YQT3Z8KK6SSP8,3/27/2025,Search,click,Mobile,Russia
17,01JWA8EE6K90D3MYCQBAGJVX6N,7/18/2024,Dashboard,drop,Mobile,United States
18,01JWA8EE6MWXVRN54AP778RA46,9/18/2024,Search,drop,Desktop,Canada
19,01JWA8EE6N5F2PAM45FFS69T2A,10/19/2024,Login,drop,Mobile,Russia
20,01JWA8EE6QGSGEDG1S7CCRCPS7,6/21/2024,Search,complete,Desktop,Russia
21,01JWA8EE6RTG7CZ3V7S1Q0H4KC,8/13/2024,Checkout,start,Mobile,Canada
22,01JWA8EE6SAK88FFA7ATW8CYZ3,12/27/2024,Search,complete,Mobile,Japan
23,01JWA8EE6TPAVQPFG9HEASZT6H,03/11/2025,Cart,start,Desktop,Russia
24,01JWA8EE6V268Y56M12043HG0X,10/25/2024,Checkout,start,Mobile,Russia
25,01JWA8EE6X7CXYCZGHD8MHZNPC,9/28/2024,Checkout,complete,Desktop,Japan
26,01JWA8EE6Z1EWRTP1R7SEKK6CF,1/14/2025,Search,drop,Desktop,United States
27,01JWA8EE71VKY9YDPTJM12W56Z,10/06/2024,Checkout,complete,Mobile,Russia
28,01JWA8EE72MA59EKVQ7PX03MH6,11/11/2024,Dashboard,start,Desktop,Canada
29,01JWA8EE73ZMPCFZ5F4ZT4GPGQ,01/12/2025,Cart,start,Mobile,Russia
30,01JWA8EE76EEPE0AXJJA1BEGN1,10/15/2024,Cart,start,Desktop,Russia
31,01JWA8EE77EJB6ZYRBH38HMD5D,8/25/2024,Login,drop,Mobile,United States
32,01JWA8EE79EGSE2F6CWJFFVHGY,12/19/2024,Cart,complete,Desktop,United States
33,01JWA8EE7BC4XWEJZXX0P0W8Z0,5/19/2025,Login,click,Mobile,Japan
34,01JWA8EE7CQBFP0A8FFGFCJ323,06/08/2024,Search,drop,Desktop,Russia
35,01JWA8EE7ESA9TPH0SDMPNXBYF,11/18/2024,Checkout,complete,Desktop,Russia
36,01JWA8EE7G0VADGDAQ7P84X9Z2,8/28/2024,Login,click,Mobile,Japan
37,01JWA8EE7H1W1GCRV9GGZTC9HJ,10/28/2024,Dashboard,click,Desktop,Russia
38,01JWA8EE7KS47MS0K9PY4T5N0Q,04/02/2025,Checkout,click,Desktop,Russia
39,01JWA8EE7MXTWPH7AXG8SYAB3B,11/05/2024,Dashboard,complete,Mobile,Russia
40,01JWA8EE7PWH4EKH39Y0SJ964S,9/13/2024,Checkout,drop,Desktop,Japan
41,01JWA8EE7Q3PBP6ES61WNHZ7QJ,10/25/2024,Search,drop,Mobile,United States
42,01JWA8EE7RXEHVQTG04PFH92EG,9/22/2024,Checkout,drop,Desktop,United Kingdom
43,01JWA8EE7TG81GFX1PKZ43RB89,10/25/2024,Cart,complete,Mobile,Russia
44,01JWA8EE7V2YW9SA9TQXQX2P43,10/09/2024,Login,complete,Desktop,United States
45,01JWA8EE7XQ2JRSYHZ8VT8FQVM,05/08/2025,Search,complete,Mobile,Russia
46,01JWA8EE7ZVDHZCMZBZB0X3GXR,09/02/2024,Login,start,Mobile,Japan
47,01JWA8EE80XHBBKD8V7G6E4TFR,06/09/2024,Login,drop,Mobile,Canada
48,01JWA8EE82QN3KENQG79K0HM3C,09/07/2024,Cart,start,Mobile,Russia
49,01JWA8EE840C0R0QMQS8D1YPJB,3/21/2025,Dashboard,drop,Desktop,Russia
50,01JWA8EE8689VGAFR3AAG4X7SZ,02/09/2025,Search,drop,Desktop,United States
51,01JWA8EE87SYJRHSFDFZC1B657,2/16/2025,Dashboard,start,Desktop,Canada
52,01JWA8EE88QWW86P9WWE3RZTY5,06/10/2024,Cart,drop,Mobile,Canada
53,01JWA8EE89ZJENWM3A39QJNSQG,3/31/2025,Login,click,Mobile,Russia
54,01JWA8EE8AQYH5ZCP7XS326W15,08/11/2024,Login,click,Mobile,Russia
55,01JWA8EE8BGWTEBG3K0GFRZVR2,12/31/2024,Dashboard,start,Mobile,Russia
56,01JWA8EE8E1324HM9PB7A5K8T4,2/16/2025,Dashboard,complete,Mobile,Russia
57,01JWA8EE8GV6PS7S25YKK2DMGG,10/17/2024,Dashboard,start,Mobile,Russia
58,01JWA8EE8J3QHD8E5785TRN8MB,12/26/2024,Checkout,drop,Desktop,Russia
59,01JWA8EE8ME1MZWP0W7C06AZ4H,09/05/2024,Login,complete,Mobile,Russia
60,01JWA8EE8QJW2Y31S9MRZX3KQM,2/20/2025,Cart,drop,Mobile,Japan
61,01JWA8EE8R90Z029QMJF8YD5EW,11/15/2024,Dashboard,click,Mobile,Ireland
62,01JWA8EE8TCXDF5K3CQH5H1TY4,8/27/2024,Dashboard,complete,Mobile,Japan
63,01JWA8EE8XXZGQC9YP47QBGQ0A,9/23/2024,Login,start,Mobile,Canada
64,01JWA8EE8ZVMMTGZ85W2KP9M9H,9/15/2024,Login,start,Mobile,Russia
65,01JWA8EE918FDS7MMGMKWK34TN,09/12/2024,Search,drop,Mobile,Russia
66,01JWA8EE92RF790RFN9CM19QX8,4/13/2025,Cart,complete,Desktop,United States
67,01JWA8EE93Q7DDTQ1NPB71G6GZ,3/26/2025,Dashboard,complete,Mobile,Japan
68,01JWA8EE945GWB49Q3P0X56310,11/05/2024,Login,complete,Mobile,United States
69,01JWA8EE96PR4P3EA02BXK3Q1P,05/05/2025,Search,drop,Desktop,United States
70,01JWA8EE98P58QK3SVQYF12JEP,02/08/2025,Cart,click,Mobile,Ireland
71,01JWA8EE9A8ZM41XVJJYX3TR6Z,9/26/2024,Login,click,Desktop,Russia
72,01JWA8EE9B0FR3SMS9PWFRR645,9/23/2024,Checkout,complete,Mobile,Japan
73,01JWA8EE9D1NWQGFZJ1TNJXN8T,12/12/2024,Login,click,Desktop,Russia
74,01JWA8EE9FTSZVFYY0QRF1DMZN,1/15/2025,Checkout,start,Mobile,Japan
75,01JWA8EE9H4A2D01MA3JR9F797,9/17/2024,Checkout,drop,Mobile,Russia
76,01JWA8EE9K0SDV0NHP1M6VWR6E,08/10/2024,Login,start,Mobile,Netherlands
77,01JWA8EE9PKDGS3MYRMY2JK65N,06/08/2024,Cart,complete,Mobile,United States
78,01JWA8EE9QHH0W5NM4CGHNGC0E,05/11/2025,Search,complete,Mobile,United States
79,01JWA8EE9T9PJTG6VYZ4W55R7J,9/16/2024,Login,complete,Mobile,United States
80,01JWA8EE9WTF15PG9ZBN8ZV22Y,7/21/2024,Cart,drop,Desktop,Japan
81,01JWA8EE9XXNA792AME7YVKFSG,04/04/2025,Search,click,Mobile,Russia
82,01JWA8EE9YY9R255KNQN9B8YEV,10/19/2024,Login,start,Mobile,Netherlands
83,01JWA8EE9ZM09M8R2TTK11J4J6,11/09/2024,Search,start,Desktop,Russia
84,01JWA8EEA0HX3A2X22NNV1VHK4,08/10/2024,Login,click,Desktop,Russia
85,01JWA8EEA22HMV496DKMQHPSY6,12/03/2024,Dashboard,drop,Mobile,United States
86,01JWA8EEA3D9MK9T2RSEEEP90F,6/17/2024,Cart,click,Mobile,Ireland
87,01JWA8EEA4DVAKBGWX4TZ60921,07/04/2024,Dashboard,click,Mobile,Russia
88,01JWA8EEA5CRQX1Q3JY4Y7FSVH,06/03/2024,Dashboard,start,Desktop,Russia
89,01JWA8EEA7VG7H4ZDGKBFZZMNM,1/28/2025,Search,start,Mobile,Russia
90,01JWA8EEA8FKBGTS8H71RHX20F,7/25/2024,Login,start,Desktop,Russia
91,01JWA8EEA9W0CFKXV9TEKP0A91,01/04/2025,Search,start,Desktop,Russia
92,01JWA8EEAABQS9P62Q2T2EKWEJ,10/04/2024,Checkout,click,Mobile,Canada
93,01JWA8EEAB6E8YFBXQG2FQ2SGW,03/08/2025,Checkout,start,Mobile,United Kingdom
94,01JWA8EEAC723135XVQXCCEQ5X,3/24/2025,Dashboard,drop,Desktop,Russia
95,01JWA8EEAD6N9F7K8ET0AT3YZ7,1/31/2025,Search,start,Desktop,Russia
96,01JWA8EEAFDV2CH3XWW2K5RH0E,03/06/2025,Search,click,Desktop,Japan
97,01JWA8EEAGZWCRYDDXH6JC7GWV,4/14/2025,Dashboard,drop,Mobile,Canada
98,01JWA8EEAHD6YJ9Q3QGFEM7Q5Z,7/28/2024,Checkout,complete,Desktop,Netherlands
99,01JWA8EEAJ9C8R0TY1AXY6T55F,2/20/2025,Search,complete,Mobile,Canada
100,01JWA8EEAKEN4ABQNDFWKTTAN1,6/27/2024,Cart,start,Desktop,Russia
101,01JWA8EEAM7838W0A4DWC6PKM0,7/15/2024,Search,drop,Mobile,Ireland
102,01JWA8EEAPEAFKBJ6KCZN8H7TR,12/23/2024,Login,start,Desktop,Russia
103,01JWA8EEAQRV9BE1Y68FM5Q2VB,11/28/2024,Login,complete,Mobile,Russia
104,01JWA8EEARV668GXV85FT6BHPQ,5/17/2025,Search,drop,Desktop,United States
105,01JWA8EEASZNSCB4W46DCHE1MZ,01/01/2025,Search,complete,Mobile,United States
106,01JWA8EEATGNJPP6ZK2RJDAWFQ,11/06/2024,Login,complete,Desktop,United States
107,01JWA8EEAVDW8JYEBGF3C2BR67,10/19/2024,Cart,drop,Desktop,Ireland
108,01JWA8EEAWCAB61XAM752Q43HA,3/26/2025,Dashboard,complete,Desktop,Russia
109,01JWA8EEAXJR9AQAQAK43BPGTK,10/20/2024,Dashboard,drop,Mobile,Ireland
110,01JWA8EEAYZ0XZ9J39ZJCKBJRW,7/16/2024,Cart,drop,Desktop,Canada
111,01JWA8EEB0QNJ4WXZW3QCVHPHQ,3/18/2025,Cart,drop,Mobile,United States
112,01JWA8EEB1Q5P78M2YJG0724WB,07/05/2024,Login,complete,Mobile,Russia
113,01JWA8EEB28AFH7VAZMXWQAAA2,8/29/2024,Dashboard,drop,Mobile,Russia
114,01JWA8EEB3KF2XVT0Y0Y9N68ER,2/25/2025,Search,start,Desktop,Russia
115,01JWA8EEB4ZEBRBRXNHF4SKFSV,5/25/2025,Cart,complete,Desktop,Ireland
116,01JWA8EEB58J3V7NZNSWEEXZPE,10/09/2024,Dashboard,complete,Mobile,Russia
117,01JWA8EEB6NM8P4D4KFHQGGBD8,3/15/2025,Dashboard,drop,Desktop,Russia
118,01JWA8EEB7W8KQR03JXHBBQWTN,10/24/2024,Cart,start,Desktop,United States
119,01JWA8EEB8Q8F9Q1AC9TW6XH1A,08/03/2024,Checkout,click,Mobile,Russia
120,01JWA8EEB9F9YF2B1S1596FZW6,10/24/2024,Login,complete,Desktop,Russia
121,01JWA8EEBBQ46D99DG9YWFJ9F4,05/02/2025,Login,start,Desktop,United States
122,01JWA8EEBCA31XHRE4J4MY484C,9/17/2024,Login,complete,Desktop,Russia
123,01JWA8EEBDZ02GHPMS756HZ92E,09/10/2024,Search,complete,Desktop,Japan
124,01JWA8EEBEQ90BQ0B90905QPTM,7/29/2024,Search,click,Mobile,United Kingdom
125,01JWA8EEBFTKWNR1WV29M38A2N,02/04/2025,Search,drop,Mobile,Russia
126,01JWA8EEBH2791WH20QTNKKK3H,3/22/2025,Search,complete,Mobile,Japan
127,01JWA8EEBJV64QN3WQ80DH1KES,06/06/2024,Login,start,Mobile,Ireland
128,01JWA8EEBNX0HV4482EHHRMCKY,09/11/2024,Search,click,Mobile,Russia
129,01JWA8EEBPYAHDCATAABNVNTQB,05/10/2025,Dashboard,complete,Mobile,Canada
130,01JWA8EEBQJYKARHNQ3F57Q04J,06/12/2024,Cart,start,Mobile,United States
131,01JWA8EEBRP11BA96R5T40SFN4,04/12/2025,Search,complete,Mobile,Russia
132,01JWA8EEBSBVAPE80JBT502C8C,05/10/2025,Cart,click,Mobile,Ireland
133,01JWA8EEBT8AKXAHDMVBPNRQQE,9/15/2024,Search,start,Desktop,Japan
134,01JWA8EEBVV8M4494W42V9GDDN,01/11/2025,Checkout,start,Desktop,Russia
135,01JWA8EEBXD1AVJVRGAS8ZAYMB,4/28/2025,Search,click,Desktop,Russia
136,01JWA8EEBYH7GQHNP231P3A8TM,5/27/2024,Login,drop,Desktop,Russia
137,01JWA8EEBZZ8JHMJNARG7KQSM6,01/09/2025,Search,click,Mobile,Russia
138,01JWA8EEC08E2Y0CACR5NCWFXQ,05/07/2025,Login,drop,Mobile,Russia
139,01JWA8EEC13R4SKNP69G0XKFM9,3/27/2025,Cart,complete,Desktop,Canada
140,01JWA8EEC2KGNQT34B83DJS0Q8,06/05/2024,Search,complete,Mobile,Russia
141,01JWA8EEC30DYJZBWJ6Q3J89H2,10/16/2024,Login,complete,Mobile,Russia
142,01JWA8EEC4AGXYRS2SXZFWXK2Q,3/24/2025,Login,complete,Mobile,Russia
143,01JWA8EEC6Z0TBC7Y8ZR5HMX6S,7/15/2024,Dashboard,complete,Desktop,United States
144,01JWA8EEC7HYAENTHPPYW4BKWN,07/12/2024,Checkout,start,Mobile,Russia
145,01JWA8EECAY0E5QK9SJ80339BP,10/22/2024,Checkout,click,Desktop,Japan
146,01JWA8EECD67ZNFND0P7T3G2DT,8/22/2024,Login,click,Mobile,Russia
147,01JWA8EECF08FD4G0R6YM9Z4ED,12/23/2024,Cart,click,Mobile,Japan
148,01JWA8EECJCGER99XQEKWRA8XY,06/01/2024,Checkout,start,Mobile,Russia
149,01JWA8EECM77DA08HAJQ8T8T08,10/11/2024,Checkout,start,Mobile,Russia
150,01JWA8EECPHV9G46Y29HZZ2RYE,2/18/2025,Cart,click,Desktop,Japan
151,01JWA8EECQENFBSPPF5BT0RZ0A,4/30/2025,Search,drop,Mobile,Canada
152,01JWA8EECSWMYEFP3C6NDJ1MZW,7/24/2024,Search,click,Mobile,Russia
153,01JWA8EECVH6N2XT5KW2KQJHWK,7/16/2024,Search,complete,Desktop,Netherlands
154,01JWA8EECX1S6GYRYP65FRTZZG,10/13/2024,Login,complete,Desktop,Canada
155,01JWA8EECZDY8JCYPGZJDTSP2N,04/12/2025,Checkout,click,Desktop,Russia
156,01JWA8EED215D233W3CHQ9CC4B,09/07/2024,Login,start,Mobile,Russia
157,01JWA8EED43PN8PDY9JEX5HK1N,2/16/2025,Cart,click,Mobile,Russia
158,01JWA8EED62N2S2QF1TF6XVATE,2/27/2025,Checkout,click,Desktop,Japan
159,01JWA8EED8D5JFXA6R6R2EP5ZT,2/20/2025,Checkout,complete,Mobile,United States
160,01JWA8EEDB37T7505H98D335QT,07/05/2024,Login,drop,Mobile,Russia
161,01JWA8EEDDZDZPHZZBM54FZ6BE,03/08/2025,Login,start,Mobile,United States
162,01JWA8EEDFTSJH3SPK31EYZW61,9/24/2024,Login,complete,Mobile,Japan
163,01JWA8EEDHG7JZ3P0X6QHECZNE,02/06/2025,Login,drop,Desktop,Netherlands
164,01JWA8EEDKVB1VK7FRH65QD717,7/28/2024,Checkout,click,Desktop,Canada
165,01JWA8EEDMT39FKH89REVRPBS9,01/10/2025,Search,drop,Desktop,Japan
166,01JWA8EEDPATZAZYYGVQSAGKZJ,2/20/2025,Cart,click,Mobile,Canada
167,01JWA8EEDSD4TDNXQJ0XD6XAP2,9/20/2024,Login,click,Mobile,Russia
168,01JWA8EEDV58NPKXR5EGZ2CMKF,02/01/2025,Cart,click,Desktop,Netherlands
169,01JWA8EEDX9BBYRDSQM2NY7GZQ,6/29/2024,Dashboard,start,Mobile,United States
170,01JWA8EEE0PQYFTZ4HSWNG2YJ1,1/17/2025,Login,drop,Mobile,Russia
171,01JWA8EEE2KXWKBHFJEWCN0QZT,09/04/2024,Dashboard,complete,Desktop,United States
172,01JWA8EEE4Q1QDFSNEN9VWMZBB,06/10/2024,Checkout,complete,Desktop,United States
173,01JWA8EEE7402JMX0BSC0G9KEC,11/02/2024,Cart,drop,Desktop,Russia
174,01JWA8EEE9W6VRNFP9DF8HGYR4,1/30/2025,Search,drop,Desktop,Russia
175,01JWA8EEEBYF3VF553FVMNB9SE,11/13/2024,Checkout,start,Mobile,Russia
176,01JWA8EEEC4PJRSMV0G70QF4F1,4/18/2025,Search,complete,Mobile,Japan
177,01JWA8EEEE4DBK3XHSFNBN64QK,7/19/2024,Login,start,Mobile,Russia
178,01JWA8EEEG3Z1X031E3MBK0SJG,05/01/2025,Checkout,click,Mobile,Japan
179,01JWA8EEEKYKF0Z7WECDYBQ715,1/27/2025,Dashboard,drop,Desktop,United States
180,01JWA8EEEN2R30RFA174DV6Z02,10/12/2024,Dashboard,complete,Desktop,Russia
181,01JWA8EEEQMTPZFMZSJ8BEJFX9,2/14/2025,Login,complete,Mobile,Russia
182,01JWA8EEER2N909TCGPPWK47T5,11/28/2024,Cart,start,Desktop,Russia
183,01JWA8EEET293TEKC8902KF1NY,02/11/2025,Dashboard,start,Desktop,Russia
184,01JWA8EEEW6E17NAXYFQVJAH80,10/01/2024,Search,drop,Mobile,Japan
185,01JWA8EEEZV9EDHS9292YDW6Y8,10/06/2024,Search,complete,Desktop,United States
186,01JWA8EEF1VNXEN349T800M117,1/29/2025,Checkout,drop,Desktop,Russia
187,01JWA8EEF4KGGGABJTGF0THDWM,03/07/2025,Checkout,start,Mobile,United States
188,01JWA8EEF7RXJR6BTJPYXEDT97,7/28/2024,Checkout,click,Mobile,Japan
189,01JWA8EEF9Y9QXBJ5RHDF3DS4Q,11/03/2024,Checkout,click,Desktop,Ireland
190,01JWA8EEFB1HECXMC1VRWVMZ3P,12/28/2024,Cart,complete,Mobile,Canada
191,01JWA8EEFFT2VZKY8J3VPYQ7KR,10/20/2024,Search,click,Desktop,Russia
192,01JWA8EEFM1YSF1H6Y5CSY1F8Y,09/02/2024,Login,start,Desktop,Russia
193,01JWA8EEFPCGY9VHYCDWWZTKJQ,2/21/2025,Login,drop,Mobile,Japan
194,01JWA8EEFS9MF0W7ZW1FS8CZW0,02/06/2025,Checkout,complete,Mobile,Russia
195,01JWA8EEFVNVKF0CAM0XR4MZKX,11/14/2024,Login,start,Desktop,Russia
196,01JWA8EEFX2HR9433FDHJ0WNWR,2/26/2025,Search,drop,Mobile,Russia
197,01JWA8EEFZ00F64HD9374T249F,3/27/2025,Login,complete,Mobile,Japan
198,01JWA8EEG1QSXHB5DEBGSBZM18,3/31/2025,Dashboard,complete,Mobile,Russia
199,01JWA8EEG3KNFQW0NCANSWZ10R,10/28/2024,Login,start,Mobile,Russia
200,01JWA8EEG5HSG5Q6Y5BBY7H9ZH,7/15/2024,Login,start,Mobile,Russia
201,01JWA8EEG7HWA1MNAMAMQ4A575,1/22/2025,Search,drop,Mobile,Japan
202,01JWA8EEG92HPH63A7WBKQYTR2,8/27/2024,Dashboard,complete,Mobile,Netherlands
203,01JWA8EEGB5B2NX1Y9KYSXNYP6,9/13/2024,Dashboard,complete,Mobile,United States
204,01JWA8EEGDA17448DNM264CC3D,1/29/2025,Checkout,drop,Mobile,Russia
205,01JWA8EEGFZKA5N3848P8ABV6M,2/16/2025,Checkout,click,Mobile,United Kingdom
206,01JWA8EEGH53SQFR8Y1W3645H9,09/05/2024,Search,complete,Desktop,Russia
207,01JWA8EEGJN5Q9HAN71C340PKM,04/12/2025,Dashboard,start,Desktop,United States
208,01JWA8EEGM9YTFB7DD8A6T0P6Q,10/20/2024,Checkout,complete,Desktop,Russia
209,01JWA8EEGN080N8X10W5THS859,4/29/2025,Dashboard,drop,Mobile,United States
210,01JWA8EEGQP2MSJSA2CQY56G1S,12/08/2024,Checkout,drop,Desktop,Japan
211,01JWA8EEGSV94K3DZYDF6NFKQT,10/01/2024,Dashboard,start,Desktop,Russia
212,01JWA8EEGVAWEVV739D46ZGFXY,11/25/2024,Cart,click,Mobile,United States
213,01JWA8EEGY8S0AW2AJE409EEKH,4/24/2025,Dashboard,drop,Mobile,Russia
214,01JWA8EEGZX4VYGJ51NDY2GXBK,11/10/2024,Cart,complete,Desktop,United States
215,01JWA8EEH132C7KKX8DQ41WRTY,4/24/2025,Cart,click,Mobile,United States
216,01JWA8EEH3XG2451DJYQ8BVM4V,3/13/2025,Dashboard,click,Mobile,Russia
217,01JWA8EEH5CMB1KVQVKYSQ50B1,04/06/2025,Dashboard,complete,Desktop,Russia
218,01JWA8EEH7TE5WEQVNASXCRX97,4/19/2025,Search,complete,Desktop,Russia
219,01JWA8EEH91ACRT7AKB5ATAV16,12/21/2024,Cart,complete,Desktop,Japan
220,01JWA8EEHCK5BB7BN2NC726X3V,02/12/2025,Search,drop,Mobile,Russia
221,01JWA8EEHFNVWA29Z0XSVEWD7Y,01/06/2025,Checkout,click,Mobile,Russia
222,01JWA8EEHG1XWFPH56EB89VXYB,4/14/2025,Cart,click,Desktop,United States
223,01JWA8EEHJ13N856SBBERP7KJ6,10/20/2024,Checkout,drop,Desktop,Russia
224,01JWA8EEHM8ZZWFM19X49E628D,11/01/2024,Cart,complete,Mobile,Russia
225,01JWA8EEHQ8K8CPYSSDXYPWD41,1/26/2025,Cart,click,Desktop,Russia
226,01JWA8EEHTV577SRWNXTR0K2JZ,02/07/2025,Search,complete,Mobile,Ireland
227,01JWA8EEHW0QJG2YRJWYRTN2T8,3/31/2025,Checkout,click,Desktop,United States
228,01JWA8EEHZAF6Y1YF2KNWK7FZ1,03/11/2025,Search,complete,Desktop,Russia
229,01JWA8EEJ114AWSAE6226VQ9XQ,3/24/2025,Login,start,Desktop,Russia
230,01JWA8EEJ2Z7G54DGXV3YTPXHT,3/16/2025,Cart,click,Desktop,United States
231,01JWA8EEJ5HQQZ70A7CF6RV0G7,09/08/2024,Login,complete,Desktop,United States
232,01JWA8EEJ9TJ8GAV5MNE4229DF,5/27/2024,Search,complete,Mobile,Russia
233,01JWA8EEJB9T0PKN6P48NMSSFC,3/31/2025,Dashboard,complete,Mobile,Russia
234,01JWA8EEJENPHFC1EDRT6W24XE,12/24/2024,Login,click,Desktop,Russia
235,01JWA8EEJGT9A74TV4HQTZ9E3K,08/09/2024,Login,drop,Mobile,Russia
236,01JWA8EEJJCXJ1E74DCQ57XRCV,5/26/2025,Cart,drop,Mobile,United States
237,01JWA8EEJM85ZCZ5XW026QXJHZ,8/18/2024,Dashboard,click,Desktop,United States
238,01JWA8EEJQCQRNMSJ9HFVS8QDP,1/22/2025,Dashboard,click,Desktop,Canada
239,01JWA8EEJSYTZWWV9KF6PK46X6,3/17/2025,Checkout,complete,Mobile,Ireland
240,01JWA8EEJVE6FCK0D74S1CDK6M,10/14/2024,Checkout,click,Mobile,United States
241,01JWA8EEJX7QH87JV2V26VFXAX,3/22/2025,Login,click,Mobile,Russia
242,01JWA8EEJYJJE38VN2KVCJY1G4,05/11/2025,Search,complete,Mobile,Russia
243,01JWA8EEK0HE5RCM3B30FZEGCR,4/21/2025,Cart,start,Desktop,Russia
244,01JWA8EEK1FTVXJ2FC6P9HG9JW,10/30/2024,Dashboard,complete,Desktop,United States
245,01JWA8EEK3S2C8BATAMR43ZT20,01/09/2025,Login,drop,Mobile,Japan
246,01JWA8EEK4RZ27WR9C19CAEE34,7/23/2024,Cart,click,Mobile,Russia
247,01JWA8EEK6MJTW0Q7RT4JENC20,07/05/2024,Dashboard,complete,Desktop,Russia
248,01JWA8EEK7MARRJWNFTSNEWVNR,4/19/2025,Checkout,start,Mobile,Russia
249,01JWA8EEK98VGP9V8GYS7SCB9D,10/29/2024,Login,click,Mobile,Russia
250,01JWA8EEKD2NBGA961SYTBDJWS,10/31/2024,Checkout,complete,Mobile,Canada
251,01JWA8EEKETY6FC7RM7N30NGEP,01/07/2025,Checkout,click,Desktop,Russia
252,01JWA8EEKG6KHGM3YE9TASN2G1,09/10/2024,Cart,start,Mobile,Japan
253,01JWA8EEKHEYQW2SGZF6A9Z8KQ,4/30/2025,Login,click,Desktop,Russia
254,01JWA8EEKJ3R2HZSABEMHY95WF,10/04/2024,Dashboard,complete,Desktop,United States
255,01JWA8EEKMJNDKT5YWKPYJY198,11/11/2024,Login,complete,Mobile,United States
256,01JWA8EEKND20W1QZ22ZNHDDSB,12/14/2024,Search,click,Desktop,Russia
257,01JWA8EEKQ2DC0K1V714YRJJ8D,9/25/2024,Cart,drop,Mobile,Russia
258,01JWA8EEKRR09V2B4VJNYW4FNX,02/04/2025,Checkout,start,Mobile,United States
259,01JWA8EEKTRXQ0PH4JDK9BA11W,2/17/2025,Login,click,Desktop,Russia
260,01JWA8EEKVVK4A85EZRCWCGDBA,11/19/2024,Dashboard,drop,Desktop,Russia
261,01JWA8EEKXJ8NGTQSFQ1A1NMWG,11/12/2024,Dashboard,click,Desktop,Canada
262,01JWA8EEKYW64PG7R2ES77NZ2C,3/24/2025,Cart,complete,Mobile,Russia
263,01JWA8EEM0WC4PH8K89KJZJQ6J,7/29/2024,Dashboard,click,Desktop,Russia
264,01JWA8EEM1M953YJC0RW368N5A,7/23/2024,Cart,complete,Desktop,United States
265,01JWA8EEM3F4KRPXRTRD9T8N1J,2/22/2025,Search,complete,Mobile,Russia
266,01JWA8EEM40C0SSXTGTG991ZXK,09/04/2024,Dashboard,drop,Mobile,Ireland
267,01JWA8EEM6PM3VD5V29G419BBD,1/17/2025,Cart,drop,Mobile,Russia
268,01JWA8EEM7YZVZZ98YD3ZAVXN7,09/10/2024,Cart,start,Desktop,Japan
269,01JWA8EEM9ZCE4QBE6V5VB76MC,6/13/2024,Dashboard,start,Mobile,Russia
270,01JWA8EEMAA1D0Y18T7XKB0B6S,6/25/2024,Cart,click,Desktop,Japan
271,01JWA8EEMC4KXFGP0GGZ1DQ77F,03/09/2025,Checkout,click,Desktop,Russia
272,01JWA8EEMD11VCHJT0NDPGZ4TQ,9/13/2024,Login,complete,Mobile,Russia
273,01JWA8EEMF0EQAY0NBM5ZV4B6P,9/17/2024,Login,complete,Desktop,United States
274,01JWA8EEMG1TKX17Q9AHK2790Z,1/31/2025,Dashboard,start,Mobile,Russia
275,01JWA8EEMJ3NDH84DK3WEVQGBF,03/03/2025,Search,complete,Mobile,Russia
276,01JWA8EEMKHFE364YNV1VCGHQN,9/15/2024,Cart,complete,Mobile,Russia
277,01JWA8EEMMK6FKSP2CZZY93RC8,4/23/2025,Login,complete,Desktop,United States
278,01JWA8EEMPRDTDWDPJ63J0Z3FQ,5/21/2025,Checkout,complete,Mobile,Canada
279,01JWA8EEMRTZY5EZ1X2RA2P8M7,07/08/2024,Login,drop,Mobile,Russia
280,01JWA8EEMTFRGAQQ4HGSPEKKSQ,8/14/2024,Cart,drop,Mobile,Russia
281,01JWA8EEMV9T42JYEC95K83V5W,04/02/2025,Search,drop,Desktop,United States
282,01JWA8EEMWEJBCED5YK6ZKJKEW,05/08/2025,Dashboard,start,Desktop,Japan
283,01JWA8EEMY572SGYEYNXGQB4EG,04/08/2025,Dashboard,click,Mobile,United States
284,01JWA8EEMZ5SK32C213FMY01FX,11/29/2024,Cart,click,Desktop,Russia
285,01JWA8EEN1PB7RDHNPCD8P7JW2,10/16/2024,Checkout,start,Desktop,Japan
286,01JWA8EEN2ZDDEK28PDJY6ZNPH,12/29/2024,Checkout,click,Desktop,Russia
287,01JWA8EEN4TX9M86SW9TDH43NV,3/28/2025,Search,drop,Mobile,United States
288,01JWA8EEN5V7B7683FRCN78KEN,01/05/2025,Cart,complete,Mobile,Russia
289,01JWA8EEN7MTQNT686EF1D3QFB,9/13/2024,Search,start,Desktop,United States
290,01JWA8EEN82KKT914HCXW3N51J,12/16/2024,Cart,complete,Mobile,Russia
291,01JWA8EENAB6DDMY7NSZ15E0QS,06/01/2024,Login,complete,Mobile,Russia
292,01JWA8EENBJN9Q1D01QP415NQN,9/27/2024,Login,complete,Mobile,Canada
293,01JWA8EENCVVMMP0D0MR0838W0,3/24/2025,Login,start,Mobile,United States
294,01JWA8EENE244HJAECJ151ZH16,02/05/2025,Search,click,Desktop,United States
295,01JWA8EENF0VTDEEE42YXFKPYD,06/05/2024,Checkout,start,Desktop,Russia
296,01JWA8EENGG8EZMQF7E1W4NK2A,1/15/2025,Cart,click,Mobile,United States
297,01JWA8EENJ3J850MHXCPJX8HTY,12/01/2024,Checkout,click,Mobile,Russia
298,01JWA8EENKZ9ABD51BR386DWDW,5/26/2025,Cart,click,Mobile,Canada
299,01JWA8EENNVR4H1RHT28HZG4J1,06/01/2024,Dashboard,start,Desktop,Russia
300,01JWA8EENPBVFH6S8J8GM67BKV,12/15/2024,Checkout,complete,Mobile,Russia
301,01JWA8EENQ4V27YJ8PWWH25MB9,07/08/2024,Dashboard,start,Mobile,Russia
302,01JWA8EENSWQM59S4P9HZYE1VZ,7/25/2024,Cart,complete,Desktop,Russia
303,01JWA8EENT0YTYTSXQZ96W333B,5/15/2025,Dashboard,drop,Desktop,Russia
304,01JWA8EENVGN73T4B9J2NE9S27,1/19/2025,Search,start,Mobile,Japan
305,01JWA8EENXYF21YX70M266QGM0,05/12/2025,Cart,start,Mobile,Canada
306,01JWA8EENYDJFKACG8ZGXY6VPQ,5/20/2025,Checkout,drop,Desktop,Russia
307,01JWA8EEP0M34BFXZK1CZSDV28,03/03/2025,Cart,click,Mobile,Russia
308,01JWA8EEP1W6KD8X3YTNGKP7EV,7/31/2024,Dashboard,complete,Desktop,Russia
309,01JWA8EEP3HREB2R09560K9FDJ,04/09/2025,Search,complete,Mobile,Russia
310,01JWA8EEP4PV7RKQJMBQAY2C02,09/09/2024,Checkout,drop,Mobile,Russia
311,01JWA8EEP606BMN70J7AVFE8QJ,12/26/2024,Cart,click,Mobile,Russia
312,01JWA8EEP7BS6AWYNE02G2KX0F,06/03/2024,Checkout,complete,Mobile,Russia
313,01JWA8EEP884YZT5MEAE0EDV1A,10/13/2024,Cart,start,Mobile,Russia
314,01JWA8EEPA91DGADC59W9GZGXK,10/11/2024,Search,drop,Mobile,Netherlands
315,01JWA8EEPCX7PTGRG63MTVGE60,03/09/2025,Cart,click,Mobile,Russia
316,01JWA8EEPD23S02H11HM11QACD,8/17/2024,Checkout,complete,Mobile,Russia
317,01JWA8EEWZ0HAE6VEWHS707YR4,11/21/2024,Login,start,Desktop,United States
318,01JWA8EEX1XQ83N21AQZ226ZFE,6/27/2024,Cart,click,Mobile,Russia
319,01JWA8EEX2307NBZ8KQCGX28W4,7/23/2024,Checkout,start,Mobile,United States
320,01JWA8EEX3C5D0R0PQN87PJYG6,9/22/2024,Cart,start,Desktop,Russia
321,01JWA8EEX5ZRZ8DPR93MCQRZTV,03/04/2025,Login,drop,Mobile,Canada
322,01JWA8EEX637T4BE9B8Z6P8ERF,11/04/2024,Search,drop,Desktop,Japan
323,01JWA8EEX7ZX9B2P486S6CTRBQ,7/30/2024,Dashboard,click,Mobile,Russia
324,01JWA8EEX8NRHT1HDYNKHG09RE,7/18/2024,Dashboard,click,Desktop,Russia
325,01JWA8EEX9SZPEGB2E7K5S13TZ,11/16/2024,Dashboard,click,Mobile,Japan
326,01JWA8EEXBDZA3NDJC4YNM6K90,11/14/2024,Search,complete,Desktop,Japan
327,01JWA8EEXCVD435GQE6CJSJSHS,01/03/2025,Search,start,Mobile,Russia
328,01JWA8EEXDCFC4C61FDW7B6WWE,5/24/2025,Search,start,Mobile,Japan
329,01JWA8EEXECRBD4GFKSG54J2EK,9/26/2024,Login,start,Mobile,Japan
330,01JWA8EEXFPG0P3RMMEZ5EQ4VM,02/05/2025,Login,start,Mobile,Russia
331,01JWA8EEXH5BTQ5528A53XYZK1,4/30/2025,Checkout,complete,Mobile,United States
332,01JWA8EEXJVZQGY4PGRYXZKAC5,08/06/2024,Dashboard,click,Mobile,United States
333,01JWA8EEXKPER8MF9QN0VZ1Y7A,11/16/2024,Cart,start,Mobile,United States
334,01JWA8EEXMMARP926KTF65ARY2,11/12/2024,Search,click,Desktop,Russia
335,01JWA8EEXN6Y5BMBPCRPT6FV92,06/03/2024,Checkout,click,Desktop,Canada
336,01JWA8EEXQ26429K2T2ZTNQ0C4,9/24/2024,Dashboard,complete,Mobile,Russia
337,01JWA8EEXRYGCMRZV319HAS0D9,6/29/2024,Search,drop,Mobile,Russia
338,01JWA8EEXS2C47HHS6F91ZXKQ4,4/23/2025,Dashboard,click,Mobile,Russia
339,01JWA8EEXTCJR8Z5JAGQQEFCPV,04/11/2025,Search,start,Desktop,Ireland
340,01JWA8EEXVRX5SMC8QW23D3Q28,04/04/2025,Login,complete,Desktop,Russia
341,01JWA8EEXWM5JG3V0BAM4XHQ0V,9/30/2024,Login,drop,Mobile,Russia
342,01JWA8EEXXVRAWWA6AJZE4430C,7/13/2024,Login,start,Mobile,Canada
343,01JWA8EEXY2564HTVK7M3GE1X6,5/17/2025,Search,drop,Desktop,Russia
344,01JWA8EEY093JA07DHENSED21T,6/26/2024,Cart,click,Mobile,United States
345,01JWA8EEY1MQMMN0Y7YZEMT79Q,12/05/2024,Login,start,Mobile,Netherlands
346,01JWA8EEY21S48H2768YZNKEE4,6/18/2024,Login,complete,Desktop,Russia
347,01JWA8EEY3BSGN4E2ARA3HVMBN,03/05/2025,Cart,click,Desktop,Russia
348,01JWA8EEY40HVEAYWKZN1JV0FZ,12/13/2024,Login,click,Mobile,Russia
349,01JWA8EEY6ZA4VV0QCFADD7X3S,12/12/2024,Login,click,Desktop,Netherlands
350,01JWA8EEY8VND22QAQVH7CY8MG,04/10/2025,Cart,complete,Mobile,Japan
351,01JWA8EEYAWYBS8CBWCT5NWNJ6,5/28/2024,Search,click,Desktop,Canada
352,01JWA8EEYC5EPAZYBDZQ31C7JP,08/04/2024,Search,click,Desktop,Japan
353,01JWA8EEYEB8X55ZWEGPGMVK9T,7/14/2024,Cart,complete,Mobile,Russia
354,01JWA8EEYGF1XYMJFCPNKRWFF8,09/01/2024,Dashboard,drop,Desktop,Russia
355,01JWA8EEYJ466H0FV3GZMC042V,12/01/2024,Dashboard,complete,Desktop,United States
356,01JWA8EEYMZRGHZ9TR0CA6MWE6,8/27/2024,Checkout,complete,Desktop,Russia
357,01JWA8EEYPWZNFJNN6J84B2TYK,05/01/2025,Search,start,Mobile,Russia
358,01JWA8EEYS236YTCW8TH4AEGCW,1/31/2025,Checkout,drop,Mobile,Russia
359,01JWA8EEYVXT3XEXKV976ARARQ,7/19/2024,Cart,complete,Desktop,Russia
360,01JWA8EEYXK6PEW4NT4955RWWW,01/12/2025,Dashboard,start,Desktop,Russia
361,01JWA8EEYZPS5F470AEETYPW0T,12/12/2024,Dashboard,start,Desktop,Canada
362,01JWA8EEZ1883XBPS3D778DBJP,4/16/2025,Checkout,drop,Mobile,United States
363,01JWA8EEZ3M5WJTQNJ9YSMFMKD,11/24/2024,Login,drop,Desktop,United States
364,01JWA8EEZ6D2AHAS57C56XQZBN,5/28/2024,Search,click,Desktop,United States
365,01JWA8EEZ89HSENN5FERG97ER7,09/10/2024,Login,complete,Mobile,Japan
366,01JWA8EEZAX03E6H327DB37GC6,9/30/2024,Search,click,Desktop,Japan
367,01JWA8EEZC22CER9AXR11ACWMH,10/02/2024,Search,drop,Desktop,United States
368,01JWA8EEZEFQATVAVMNQ7C6F5K,03/10/2025,Cart,start,Desktop,Russia
369,01JWA8EEZG1R2Y8444JSYM6K8V,9/17/2024,Dashboard,start,Mobile,Japan
370,01JWA8EEZJ14WCS3HQZQ181ZN4,03/02/2025,Search,start,Mobile,Japan
371,01JWA8EEZM6XP8ENHSMD9HV5WC,7/23/2024,Cart,click,Desktop,United States
372,01JWA8EEZPPFQWBXBSY3SBMRCA,5/21/2025,Checkout,start,Mobile,Russia
373,01JWA8EEZRHS07JPMVQ7D5PZ33,3/18/2025,Cart,complete,Desktop,Russia
374,01JWA8EEZT31QDJGZK8DRPFSHE,5/22/2025,Login,start,Mobile,Russia
375,01JWA8EEZW99FXZ4FD04BNZ4D3,01/01/2025,Checkout,drop,Mobile,Russia
376,01JWA8EEZYCZNVC181E73JJ1RB,10/19/2024,Login,start,Mobile,Japan
377,01JWA8EF01N7P8Z8G1GFW474ZY,6/22/2024,Search,drop,Mobile,Russia
378,01JWA8EF02HWMC7A0HKDMZ03ZJ,4/14/2025,Cart,complete,Mobile,Japan
379,01JWA8EF04W4ZV95365VKCHAE8,6/30/2024,Dashboard,drop,Mobile,Ireland
380,01JWA8EF05D86KY8TN5FHGP3T7,6/20/2024,Checkout,drop,Mobile,Russia
381,01JWA8EF068V5HY080V4B8KYFY,1/16/2025,Search,click,Mobile,Netherlands
382,01JWA8EF07VDYCDKS9V6DZSY40,6/18/2024,Cart,click,Mobile,Japan
383,01JWA8EF088QMD49AK2J2AM1K9,11/03/2024,Checkout,click,Desktop,Russia
384,01JWA8EF09J2QH9Q4GTFVHK01A,11/13/2024,Checkout,drop,Desktop,United States
385,01JWA8EF0A7CAJ6GR8FND19WFG,1/17/2025,Checkout,click,Desktop,Canada
386,01JWA8EF0B1AG3EVCGZDFC1DJJ,2/13/2025,Cart,click,Mobile,Russia
387,01JWA8EF0C41VQRFMRHDHACJV2,10/10/2024,Login,drop,Mobile,Russia
388,01JWA8EF0ESYJ4QRXMRX4QJ54A,12/19/2024,Search,complete,Desktop,Canada
389,01JWA8EF0FNW1CJXSP2X1SVWF5,02/11/2025,Search,start,Desktop,Russia
390,01JWA8EF0GTW9JA65QNAHV3CM3,09/06/2024,Checkout,start,Desktop,United States
391,01JWA8EF0HNQESWVWXEKQDJ5ED,7/19/2024,Search,start,Mobile,Canada
392,01JWA8EF0JH68ATG06MQ08R1AE,1/20/2025,Checkout,complete,Desktop,Netherlands
393,01JWA8EF0KF6TB1ZDSKND32RWF,12/09/2024,Search,complete,Mobile,United States
394,01JWA8EF0MTDW8FTEFPJB9H40D,06/08/2024,Dashboard,click,Mobile,Russia
395,01JWA8EF0N0WY1WX45XH7F6YB3,05/10/2025,Login,click,Mobile,United States
396,01JWA8EF0PZKB3MEFMSG8YTYZK,01/08/2025,Checkout,drop,Mobile,Russia
397,01JWA8EF0RMV8T3J2YGVZRFGS6,10/20/2024,Cart,click,Mobile,Russia
398,01JWA8EF0SW8JXN6252XDBQV5Q,11/19/2024,Login,start,Desktop,Russia
399,01JWA8EF0TH9JSN35QR9671EZ2,02/07/2025,Dashboard,complete,Desktop,Russia
400,01JWA8EF0VCN27FDMFPYWAF1B0,4/14/2025,Dashboard,complete,Mobile,Russia
401,01JWA8EF0WVZN0XETH6NNV3RKM,9/19/2024,Checkout,complete,Desktop,Canada
402,01JWA8EF0XW2NG0B3S00AK689S,06/09/2024,Search,click,Mobile,Russia
403,01JWA8EF0Y9A6K3W6K6ZXB9AAR,05/07/2025,Login,drop,Mobile,Russia
404,01JWA8EF0ZEGGKY4TPJJ71QXDF,7/28/2024,Checkout,click,Desktop,Russia
405,01JWA8EF10W63J9VP1NQ1ESVNA,1/22/2025,Cart,complete,Mobile,Russia
406,01JWA8EF123KMXF185M7XYCZMT,9/17/2024,Cart,drop,Desktop,Russia
407,01JWA8EF13STKKPZ4NWAW6J3YM,8/31/2024,Login,click,Mobile,Russia
408,01JWA8EF14621XNZFRWNTRP2GJ,5/31/2024,Cart,start,Mobile,Russia
409,01JWA8EF15H00Y58P1WJZ70E64,10/13/2024,Checkout,start,Desktop,Russia
410,01JWA8EF16CYCXCQ1CB538Z2FT,01/11/2025,Login,complete,Desktop,United States
411,01JWA8EF17PTV0E2XNYZB0GXZ6,8/21/2024,Search,start,Mobile,United Kingdom
412,01JWA8EF19MK0V6MX3JF380B66,2/27/2025,Checkout,start,Desktop,Japan
413,01JWA8EF1AXT6J04HXDZCK75G2,08/05/2024,Dashboard,complete,Mobile,United States
414,01JWA8EF1B1N20GC43MPQGAMV7,2/15/2025,Dashboard,complete,Desktop,United States
415,01JWA8EF1CZPS9XT4SK9MP3BH0,04/03/2025,Login,complete,Mobile,Japan
416,01JWA8EF1D5C5XZTW45Y2ZSA5R,12/11/2024,Dashboard,click,Mobile,Russia
417,01JWA8EF1ERF1G4SATE1YAMDCD,6/16/2024,Checkout,complete,Desktop,Russia
418,01JWA8EF1F2HT22XKJ62TSDD7G,9/14/2024,Cart,drop,Mobile,Russia
419,01JWA8EF1GDDGPKMW0EDE2FRM3,12/14/2024,Checkout,click,Mobile,Russia
420,01JWA8EF1HZRTG107KP7HFEZGT,12/08/2024,Dashboard,complete,Desktop,Russia
421,01JWA8EF1KWXPD3MCV28GMEJP9,05/08/2025,Search,drop,Mobile,Japan
422,01JWA8EF1MPNX6DAZZV7J40P9D,01/05/2025,Dashboard,drop,Mobile,United States
423,01JWA8EF1NM1ZEYCY5ZV6H1GP2,10/01/2024,Login,start,Mobile,Canada
424,01JWA8EF1PKGXJEKDBF0C2EHQ5,2/18/2025,Cart,click,Desktop,United Kingdom
425,01JWA8EF1RD7YKGBTK66DQCT20,04/09/2025,Search,start,Mobile,Canada
426,01JWA8EF1SPWXK6A9RV9WZTG4A,6/16/2024,Cart,start,Mobile,Canada
427,01JWA8EF1TVZQAZ9354EMVER2E,11/11/2024,Checkout,start,Desktop,Russia
428,01JWA8EF1V9PXFJAXXG65FHFX3,10/06/2024,Login,click,Desktop,Russia
429,01JWA8EF1W9AXR1AMPNWWW7DKJ,9/14/2024,Dashboard,drop,Desktop,Canada
430,01JWA8EF1Y1773N42F8ABP0BX9,10/29/2024,Dashboard,click,Mobile,United States
431,01JWA8EF1Z8S7N2XYXGF0B1QRG,02/09/2025,Dashboard,drop,Desktop,Ireland
432,01JWA8EF203P83Y2J5JK3041MV,10/20/2024,Login,drop,Desktop,Ireland
433,01JWA8EF21WWZNMD25J9CBMVJQ,01/04/2025,Checkout,start,Mobile,Netherlands
434,01JWA8EF22W04DQBPP0B2XWF0Z,01/02/2025,Checkout,drop,Mobile,United States
435,01JWA8EF23A71JNQ2NVC8MA9X7,11/03/2024,Search,drop,Mobile,United States
436,01JWA8EF24XAJKX5DNVCT173KA,10/10/2024,Checkout,start,Desktop,Russia
437,01JWA8EF25Q5XKJ8QD4YP2ZPN5,10/17/2024,Login,click,Mobile,Canada
438,01JWA8EF27BN7BSPZSXQREXHDC,08/05/2024,Dashboard,drop,Desktop,Russia
439,01JWA8EF28P6P9JT959H1T8RHQ,11/13/2024,Cart,complete,Mobile,Japan
440,01JWA8EF29250WPGH2Y7CQH2RS,11/19/2024,Checkout,click,Mobile,Russia
441,01JWA8EF2ANXD3VG344AMWBDYT,12/06/2024,Cart,click,Mobile,Russia
442,01JWA8EF2B5YH4MW6CGHKFS050,12/11/2024,Login,drop,Desktop,Japan
443,01JWA8EF2CF9TJ2TJZAZA6FX4H,11/26/2024,Login,click,Desktop,United States
444,01JWA8EF2D4YH1DTTNPQTR4A8N,12/19/2024,Checkout,drop,Mobile,Russia
445,01JWA8EF2EGR4ZXCE12TQGJWYD,08/01/2024,Dashboard,click,Mobile,Japan
446,01JWA8EF2GG04AB6M29ZQHAXXN,11/02/2024,Checkout,complete,Desktop,Russia
447,01JWA8EF2HKDJZTNSAFYXGGZ7R,6/26/2024,Search,click,Mobile,Ireland
448,01JWA8EF2J986HRCQ5ZPC63BP6,02/11/2025,Checkout,start,Desktop,Russia
449,01JWA8EF2K4WN945S8BFBVZCM2,06/03/2024,Dashboard,start,Mobile,Russia
450,01JWA8EF2M73TVNNZCTPM23TJ3,11/11/2024,Login,drop,Desktop,Japan
451,01JWA8EF2NNY4PZ9FH3YVQG387,03/04/2025,Checkout,complete,Mobile,Japan
452,01JWA8EF2P80HT683T09ZKSAAR,03/03/2025,Cart,click,Desktop,Russia
453,01JWA8EF2QDKMFY4Z5A54Z6XKY,6/25/2024,Search,drop,Mobile,United States
454,01JWA8EF2SM1BZEEDJTQS1PPZJ,09/05/2024,Dashboard,complete,Desktop,Russia
455,01JWA8EF2TRRFWBK8CYGHZY09Y,9/29/2024,Cart,complete,Mobile,Russia
456,01JWA8EF2VQZXG2TTTR1A36AF9,12/23/2024,Login,start,Desktop,Russia
457,01JWA8EF2WC7F7BE8KBPT84ATM,09/03/2024,Checkout,click,Mobile,Netherlands
458,01JWA8EF2XBP3H4BZ5ZWZTB652,6/25/2024,Login,complete,Desktop,United States
459,01JWA8EF2Y6MPJWK2XAZQV98R7,03/05/2025,Login,start,Mobile,United States
460,01JWA8EF2ZHV2366HACA4E9AK4,9/16/2024,Cart,complete,Desktop,Ireland
461,01JWA8EF309Z7VYK61A4TG1HPK,8/16/2024,Login,complete,Desktop,Russia
462,01JWA8EF31P1YGQC84YMTBGR3V,08/06/2024,Search,drop,Mobile,Russia
463,01JWA8EF32RWYHV234RR75HXQA,09/07/2024,Dashboard,click,Desktop,Russia
464,01JWA8EF3441T8VZQYDTKRE5J1,08/11/2024,Login,complete,Mobile,Russia
465,01JWA8EF35J1CQ41BKM9RWJX0D,11/21/2024,Dashboard,click,Desktop,United States
466,01JWA8EF36P51WH3VGWKB4HX54,08/06/2024,Checkout,drop,Desktop,United States
467,01JWA8EF37FQF3E9D8FH91EGRM,10/23/2024,Search,click,Mobile,United States
468,01JWA8EF38JB0X21BHPNAA1J7D,6/18/2024,Dashboard,start,Desktop,Russia
469,01JWA8EF396ENM7GRQDK0DSEMD,10/06/2024,Login,drop,Mobile,Japan
470,01JWA8EF3A3K90F4ZCGDBCM622,08/02/2024,Checkout,click,Desktop,Russia
471,01JWA8EF3BG2DTTF3252XK66NE,4/13/2025,Checkout,click,Mobile,Canada
472,01JWA8EF3CVM3S7RMAYNZGWBGR,11/18/2024,Login,drop,Desktop,Russia
473,01JWA8EF3DFDMW4AVJMFSFGX0P,9/17/2024,Cart,click,Desktop,Japan
474,01JWA8EF3E42752WEVYKBFQ3BD,03/09/2025,Login,complete,Desktop,Russia
475,01JWA8EF3GHB3N5DJ7357NQS30,5/18/2025,Checkout,start,Mobile,Japan
476,01JWA8EF3HQPH30H05CAFJ4N1A,5/24/2025,Checkout,drop,Mobile,Russia
477,01JWA8EF3JSE0A82SM99D832N6,12/30/2024,Checkout,drop,Mobile,Japan
478,01JWA8EF3KZ0NMJYPNZRVV706E,05/01/2025,Dashboard,start,Mobile,United States
479,01JWA8EF3M86K64VBY8H192V2E,10/18/2024,Cart,click,Mobile,United States
480,01JWA8EF3NVMXGT20BMHM7KKEP,11/06/2024,Login,drop,Mobile,Japan
481,01JWA8EF3P7MNTFVYPE3THTGX9,3/20/2025,Login,drop,Mobile,United States
482,01JWA8EF3Q2F04ZVWBHRQ7PT28,12/01/2024,Checkout,start,Desktop,Russia
483,01JWA8EF3RXH1EHK73WEHXWYD4,5/16/2025,Checkout,click,Desktop,Russia
484,01JWA8EF3S3T65P7GKRGKA85V0,3/24/2025,Login,click,Desktop,Netherlands
485,01JWA8EF3T52RTTYNVKNW5MX8F,04/06/2025,Search,complete,Mobile,Russia
486,01JWA8EF3V5G72JCR761GYCEGP,06/08/2024,Dashboard,complete,Desktop,Russia
487,01JWA8EF3XHZK4W7X1H6RZNZ1T,3/14/2025,Search,drop,Desktop,Japan
488,01JWA8EF3YFHJMX557TTZWZYTJ,06/04/2024,Login,start,Mobile,United States
489,01JWA8EF3ZADNP92TK6CGTDR97,02/08/2025,Login,start,Desktop,Japan
490,01JWA8EF40CPN7EXZJW1DJZZKY,1/28/2025,Search,complete,Desktop,Russia
491,01JWA8EF41JBHW6G6WBSW4MXW1,06/11/2024,Cart,complete,Desktop,Netherlands
492,01JWA8EF42VAB5GNE2NPFDV9EB,11/09/2024,Login,start,Desktop,Russia
493,01JWA8EF4300KBM2QHDPD7NX90,02/12/2025,Dashboard,click,Desktop,Russia
494,01JWA8EF44K4K601889RVTZNN3,03/04/2025,Login,drop,Desktop,United States
495,01JWA8EF45P3B1VMB4PS1WY7Q4,04/06/2025,Checkout,click,Mobile,Russia
496,01JWA8EF46K18WVP5HRR03D94H,10/24/2024,Checkout,start,Desktop,Japan
497,01JWA8EF47Q0ZZTARFH6T0JKSE,7/15/2024,Cart,drop,Desktop,Russia
498,01JWA8EFCXYTCQZJY5XW1TQCQT,10/28/2024,Checkout,complete,Mobile,Canada
499,01JWA8EFCZJ6CSFRR3JFFAFHWM,7/29/2024,Cart,click,Mobile,Netherlands
500,01JWA8EFD0EYJ5B4DAJA6NAHFH,9/29/2024,Login,start,Mobile,Russia
501,01JWA8EFD1N49M7ENWJ59XVZN8,01/05/2025,Dashboard,start,Desktop,Russia
502,01JWA8EFD32RQTEE95VMABJHFF,4/15/2025,Dashboard,start,Desktop,Russia
503,01JWA8EFD47GV8ZS5TAWY78WC3,5/28/2024,Dashboard,drop,Mobile,United States
504,01JWA8EFD5XRPRA08Y4F1NGZ0M,04/04/2025,Dashboard,drop,Desktop,Canada
505,01JWA8EFD6EXKVG1JKFANM1795,3/19/2025,Cart,drop,Mobile,Canada
506,01JWA8EFD72F7F11M160MK4XF8,3/24/2025,Search,complete,Mobile,Canada
507,01JWA8EFD9T354W81G6CYDGMQB,9/23/2024,Checkout,complete,Desktop,Ireland
508,01JWA8EFDAD17R3PYCGB68KD7R,7/13/2024,Checkout,complete,Desktop,Russia
509,01JWA8EFDBJRTP15P8Z0J93C4J,09/03/2024,Checkout,click,Desktop,Russia
510,01JWA8EFDC6TB5J5H8ST3F03BF,01/08/2025,Search,click,Mobile,Russia
511,01JWA8EFDD4ZXY4RJF3FP63YXZ,10/14/2024,Dashboard,click,Mobile,United States
512,01JWA8EFDFRC0VVERZY0J61VNK,6/22/2024,Search,drop,Desktop,Japan
513,01JWA8EFDG7FWRF68G30EAFWW3,12/21/2024,Checkout,complete,Desktop,Russia
514,01JWA8EFDH2QKZ8H2AQW9M2PZ2,1/23/2025,Cart,drop,Mobile,Russia
515,01JWA8EFDJVJ3J40QABNT94F08,7/29/2024,Checkout,drop,Desktop,United Kingdom
516,01JWA8EFDK05MD8KACRJCP13XM,03/07/2025,Search,complete,Desktop,Russia
517,01JWA8EFDMNRAS841FKWKMMK18,12/22/2024,Checkout,click,Desktop,Japan
518,01JWA8EFDPD053CMNK0MKWX8T1,06/07/2024,Search,complete,Mobile,United States
519,01JWA8EFDQGVXNN7AKRQNDZMNQ,11/02/2024,Login,complete,Desktop,Russia
520,01JWA8EFDSYHW57H90FGCEJ0K2,5/29/2024,Search,complete,Desktop,Russia
521,01JWA8EFDT4G9FXEYK93HT7R9D,7/29/2024,Dashboard,complete,Desktop,Russia
522,01JWA8EFDWQZ175369AWKJNX1Q,04/04/2025,Cart,start,Mobile,Russia
523,01JWA8EFDXTNTY0XV4KMJ8XAX8,6/21/2024,Dashboard,complete,Mobile,Russia
524,01JWA8EFDY0RD1GY2V5XDEB8MM,9/28/2024,Dashboard,complete,Mobile,United Kingdom
525,01JWA8EFDZKCA0S64NMHGME78Q,7/30/2024,Cart,drop,Mobile,Japan
526,01JWA8EFE0KH931YY8SHVA5MHZ,5/24/2025,Dashboard,complete,Mobile,Russia
527,01JWA8EFE2SS3NQSSKZJVMWZ6C,8/14/2024,Dashboard,click,Desktop,Russia
528,01JWA8EFE36VV8EX6N7CNF3TH3,8/17/2024,Cart,drop,Mobile,Russia
529,01JWA8EFE4NXP36P5SXKVN1M7H,4/16/2025,Cart,drop,Desktop,Russia
530,01JWA8EFE57SC5BF1EB1V2GP3H,4/16/2025,Dashboard,click,Desktop,Russia
531,01JWA8EFE6RPN1G9YNPHJV34G9,2/25/2025,Login,start,Mobile,Japan
532,01JWA8EFE7Z9PF2JG5JP0KSC13,3/22/2025,Dashboard,start,Mobile,Canada
533,01JWA8EFE82CBY8NYNM219FTN1,5/25/2025,Login,drop,Desktop,Russia
534,01JWA8EFEAX4B5ZKK5R32RETEA,12/06/2024,Cart,complete,Desktop,Russia
535,01JWA8EFEBP0C6DZXP8G3DBBZM,02/06/2025,Dashboard,drop,Mobile,United States
536,01JWA8EFECV43EXRRJQR0AGHP0,05/01/2025,Checkout,complete,Mobile,Canada
537,01JWA8EFED9WS6GZ7DP3TQNBSM,5/18/2025,Dashboard,start,Desktop,Canada
538,01JWA8EFEFM27HNX9DXXPXXRSQ,5/28/2024,Dashboard,start,Desktop,Japan
539,01JWA8EFEG3SGHGJRQ41Q2N7XX,10/31/2024,Dashboard,drop,Desktop,Netherlands
540,01JWA8EFEHABE9S2DW4EG1CE95,11/04/2024,Search,drop,Mobile,Japan
541,01JWA8EFEJ460C02X7DF522PCN,03/02/2025,Cart,start,Mobile,Japan
542,01JWA8EFEKYZZV7MTSM1ND9590,11/08/2024,Search,click,Desktop,Russia
543,01JWA8EFEMHYPV6WCDDCKAXZ2V,11/14/2024,Cart,click,Desktop,Russia
544,01JWA8EFEN5NVQMHFSEYQTKP5G,12/10/2024,Search,click,Desktop,Canada
545,01JWA8EFEQX956VGZC80A3WSD2,01/10/2025,Cart,complete,Mobile,Russia
546,01JWA8EFER2QCYQ0XKB3BGP6ST,11/05/2024,Cart,start,Mobile,Russia
547,01JWA8EFESDBNNAZFZKBCRDWKR,6/26/2024,Checkout,start,Mobile,Russia
548,01JWA8EFET6VTE2J80Q7AAV66C,4/22/2025,Dashboard,complete,Desktop,Canada
549,01JWA8EFEV5PGG13T506KD7MR9,6/29/2024,Search,complete,Desktop,Russia
550,01JWA8EFEW2QMRHEKCDQXVH80Q,8/25/2024,Cart,drop,Desktop,Netherlands
551,01JWA8EFEXY4A9ZZFTRNG8TEMM,3/15/2025,Search,complete,Mobile,United States
552,01JWA8EFEYH8XMTTEYFV1PD9ZZ,02/03/2025,Cart,drop,Mobile,Japan
553,01JWA8EFF0AM5YSPSNB6QPTW2E,1/24/2025,Dashboard,complete,Mobile,Russia
554,01JWA8EFF16ZE1BBAV8P34SPD2,09/02/2024,Checkout,start,Mobile,Russia
555,01JWA8EFF36H3NCPTWYQ00TK4Y,07/02/2024,Checkout,drop,Mobile,Netherlands
556,01JWA8EFF4J88Y8DE35DKVSHHM,01/08/2025,Login,start,Mobile,Russia
557,01JWA8EFF5JWZF6C2VN3VPR489,8/24/2024,Dashboard,click,Desktop,Russia
558,01JWA8EFF7Q5BHEH3CT95K36N5,9/29/2024,Checkout,complete,Mobile,Russia
559,01JWA8EFF83T7W2J77ZNPJ9392,10/19/2024,Checkout,drop,Mobile,United States
560,01JWA8EFF9T2HEJF0QJTN0BQVT,11/30/2024,Search,click,Mobile,Canada
561,01JWA8EFFA0HCTCEZB74H4BZDQ,06/08/2024,Dashboard,drop,Desktop,Russia
562,01JWA8EFFBQD9AV75FNK5XJ02T,12/15/2024,Search,complete,Desktop,Canada
563,01JWA8EFFCNT344BRBF08F2W1A,11/11/2024,Dashboard,click,Desktop,Russia
564,01JWA8EFFDAGF7SBE9703KBRG7,5/21/2025,Checkout,start,Mobile,Russia
565,01JWA8EFFFJRMBZ38QAYYDAC2K,11/22/2024,Cart,start,Mobile,Japan
566,01JWA8EFFGWRRDR29YVFXTBQBF,9/23/2024,Login,start,Desktop,United Kingdom
567,01JWA8EFFHR36EFV2VAWYPY8YF,11/10/2024,Login,drop,Desktop,Russia
568,01JWA8EFFJW8WR354EZ8850X47,04/05/2025,Dashboard,complete,Mobile,Canada
569,01JWA8EFFKE9EQPZ45R1AFKZS4,3/23/2025,Login,drop,Mobile,United States
570,01JWA8EFFM0JG2PDF4GF0PTVPY,12/03/2024,Login,drop,Mobile,Russia
571,01JWA8EFFNHS77SBVFCHHHHMMW,06/10/2024,Search,start,Desktop,United States
572,01JWA8EFFPQRCQMQWKPPDFWHN1,8/15/2024,Search,start,Desktop,Russia
573,01JWA8EFFQ40NNW1XWF7ZENNGQ,6/29/2024,Search,click,Desktop,United States
574,01JWA8EFFS17ANKMWZ0BDX6FAJ,07/01/2024,Checkout,drop,Desktop,Russia
575,01JWA8EFFTFSRSDXCFG3W4845S,01/06/2025,Login,drop,Desktop,United States
576,01JWA8EFFVX5X4TECWEPFJK4AF,05/12/2025,Checkout,start,Desktop,United States
577,01JWA8EFFWDSYCDJMZBKGH4JQR,9/14/2024,Cart,click,Desktop,United States
578,01JWA8EFFXKJ95JTYE0RVBBX6M,9/20/2024,Cart,complete,Mobile,Russia
579,01JWA8EFFYKNMJM3M9965YRQWC,12/09/2024,Dashboard,start,Desktop,Russia
580,01JWA8EFG00HEW2FAC09GQKXMP,7/29/2024,Login,click,Mobile,United States
581,01JWA8EFG10YA10TGW9HPQYQ7H,10/17/2024,Dashboard,complete,Mobile,Canada
582,01JWA8EFG24ZGK9WRR1ZDGXBT1,9/15/2024,Dashboard,complete,Mobile,Russia
583,01JWA8EFG3N4F4NR9JA4YYES3Y,08/10/2024,Dashboard,complete,Desktop,Russia
584,01JWA8EFG4N0HCPRBJEKCED3BC,8/18/2024,Dashboard,start,Mobile,Russia
585,01JWA8EFG5Y3EQAB4MH2XK0CW2,10/04/2024,Cart,click,Mobile,Canada
586,01JWA8EFG60NM8H3RB67KKHVST,08/01/2024,Search,complete,Mobile,Netherlands
587,01JWA8EFG86CC3KVY02N9A1V5D,09/08/2024,Checkout,complete,Mobile,Russia
588,01JWA8EFG9VMG70SAP76WDYF8Z,6/20/2024,Login,click,Mobile,Russia
589,01JWA8EFGAJFWMDHN8ACYTHX8W,12/29/2024,Cart,click,Desktop,Russia
590,01JWA8EFGB083PWFJF0M7KQFSW,5/13/2025,Checkout,click,Mobile,Russia
591,01JWA8EFGCMZSTF5QAXRSRD0H6,01/01/2025,Login,start,Desktop,Russia
592,01JWA8EFGDTGMFTNTJE4TKS62F,2/13/2025,Dashboard,drop,Mobile,Canada
593,01JWA8EFGE7SHDHE6RP5JXN55G,01/10/2025,Login,drop,Desktop,Russia
594,01JWA8EFGF102BSEBW3WM3AKVD,06/09/2024,Checkout,click,Desktop,Ireland
595,01JWA8EFGHKFWQD4WF5C52ZQC4,9/13/2024,Checkout,click,Mobile,Russia
596,01JWA8EFGJSGEJJ40PCZ698YHG,11/30/2024,Search,click,Mobile,Canada
597,01JWA8EFGKF0HCSQP9AJT3H2Q2,11/14/2024,Checkout,click,Mobile,United States
598,01JWA8EFGMBYJE91D4EF46PP7W,02/12/2025,Search,drop,Mobile,Russia
599,01JWA8EFGN19XYQSS2EAM926QX,7/15/2024,Checkout,complete,Desktop,United States
600,01JWA8EFGPWMNGFJT6XZGDR0D3,12/26/2024,Search,start,Mobile,Russia
601,01JWA8EFGRX9BGET5JSK20468H,5/20/2025,Checkout,click,Desktop,Russia
602,01JWA8EFGSNKXD20V38YFQMD33,6/19/2024,Cart,complete,Desktop,Russia
603,01JWA8EFGT8K09KGHN4DQF9SXE,4/28/2025,Dashboard,drop,Mobile,Russia
604,01JWA8EFGVRY0K5VYBDEH40NHT,4/26/2025,Login,drop,Mobile,Canada
605,01JWA8EFGWSGYVCYR4S812XCMV,7/24/2024,Dashboard,complete,Desktop,United States
606,01JWA8EFGXCM7APKGD71RTCBDA,2/13/2025,Dashboard,start,Desktop,Japan
607,01JWA8EFGYD3X5KKW10YRS667E,5/16/2025,Checkout,click,Mobile,Russia
608,01JWA8EFGZWF7T85KDMSKY132K,06/07/2024,Search,start,Mobile,Russia
609,01JWA8EFH1DNPNFXQ418HJ90NB,12/21/2024,Dashboard,click,Mobile,Russia
610,01JWA8EFH2B2BES42SYV3KXQ7Q,01/04/2025,Checkout,start,Desktop,Russia
611,01JWA8EFH3DGGXH4R33AKMDG71,02/12/2025,Dashboard,complete,Desktop,Japan
612,01JWA8EFH4NYT27VGCYEYVY0DK,12/18/2024,Checkout,complete,Mobile,Russia
613,01JWA8EFH5G96FJFXAPQC60E2E,12/06/2024,Checkout,complete,Mobile,United States
614,01JWA8EFH75SWMFB653NB9E5WZ,9/23/2024,Cart,click,Desktop,Russia
615,01JWA8EFH8DK9QPAGX3MPPF91T,8/29/2024,Dashboard,complete,Desktop,United States
616,01JWA8EFH9TEXGSK4M9S82EFPR,01/07/2025,Checkout,start,Mobile,Russia
617,01JWA8EFHA8H1JF9TSWPF42EQ5,1/17/2025,Login,drop,Desktop,Russia
618,01JWA8EFHBF10G5FZTS4250390,5/15/2025,Search,click,Desktop,Russia
619,01JWA8EFHCXXSCT2PGN05253TB,10/13/2024,Cart,drop,Mobile,United States
620,01JWA8EFHDZG0B0QBQQ2XJQWQ5,08/09/2024,Login,drop,Mobile,Russia
621,01JWA8EFHF9WKWJ48G6WMBAH4B,05/03/2025,Checkout,drop,Desktop,Russia
622,01JWA8EFHG2A83A6Y92X1JBS20,11/18/2024,Login,start,Mobile,Russia
623,01JWA8EFHHD06WMQV7PVAKA94P,2/28/2025,Cart,start,Desktop,United States
624,01JWA8EFHJ8D7MMS7TYTTJ3163,8/26/2024,Search,start,Desktop,United States
625,01JWA8EFHKD82PYHQEKV0HQAGW,04/09/2025,Login,complete,Mobile,Japan
626,01JWA8EFHMR66EG7V9A05B13K9,2/24/2025,Checkout,start,Desktop,Japan
627,01JWA8EFHP4G86J8FDG7FAJV9R,4/23/2025,Search,drop,Mobile,United States
628,01JWA8EFHQ8324H5NYXR1T8F7R,10/14/2024,Login,click,Mobile,United Kingdom
629,01JWA8EFHRXREGJ2V42PN0DHMV,08/09/2024,Login,complete,Mobile,United States
630,01JWA8EFHS4EZJGNR3C8BE3C4H,7/16/2024,Checkout,complete,Desktop,Japan
631,01JWA8EFHV0K2PKNJD8TJZMZSQ,12/17/2024,Cart,start,Mobile,United States
632,01JWA8EFHWJXZECA88MQTSY7GP,1/21/2025,Login,start,Mobile,Russia
633,01JWA8EFHX00Z7FV9H6GV50S9X,8/21/2024,Dashboard,click,Desktop,Russia
634,01JWA8EFHYKYTMXYJRH0QF7V3J,08/01/2024,Dashboard,start,Desktop,Japan
635,01JWA8EFHZC3WYH3ST6TYJ8MCW,02/04/2025,Search,drop,Mobile,Russia
636,01JWA8EFJ1Q14TRCFJ6YJNBQD4,7/20/2024,Search,complete,Mobile,Russia
637,01JWA8EFJ20R3S0T28ZAZHB816,06/05/2024,Dashboard,click,Mobile,Russia
638,01JWA8EFJ3WDP7HZRG3ZTXENNG,10/06/2024,Cart,drop,Desktop,Japan
639,01JWA8EFJ4EBNYPH3BT00GYYFQ,12/11/2024,Cart,drop,Desktop,Netherlands
640,01JWA8EFJ5A5J4SGQQHYWZF23Z,9/16/2024,Dashboard,drop,Desktop,Russia
641,01JWA8EFJ6A4MWDHSR05SH05HQ,5/16/2025,Cart,complete,Desktop,Russia
642,01JWA8EFJ765JTS8ESM8A455A0,9/13/2024,Cart,start,Mobile,Russia
643,01JWA8EFJ9GCAA6PV8DZHEZBZY,01/06/2025,Login,start,Desktop,Russia
644,01JWA8EFJAJHEBZRM6NRPPJXCH,3/19/2025,Search,start,Mobile,United States
645,01JWA8EFJBNVVZ5RDM2V12JSSV,07/06/2024,Search,start,Mobile,Ireland
646,01JWA8EFJCASCRJHZ531DY56E6,01/06/2025,Checkout,complete,Mobile,Russia
647,01JWA8EFJDQGJTD9FZZZ7FAKQW,4/18/2025,Login,start,Mobile,Russia
648,01JWA8EFJFFHV8F03GX37JDBP0,4/28/2025,Cart,start,Mobile,Netherlands
649,01JWA8EFJG70EYRNZH37DS7SKB,1/25/2025,Search,start,Mobile,United States
650,01JWA8EFJHNQK00ZYJBVPAX6HN,02/02/2025,Cart,click,Desktop,Japan
651,01JWA8EFJJ07PA8N6XT91KRGWQ,5/26/2025,Login,start,Mobile,Japan
652,01JWA8EFJKR2C0R1745S74JB46,3/27/2025,Search,drop,Mobile,Russia
653,01JWA8EFJMGWMD7Y674ZE66FZW,12/02/2024,Checkout,complete,Desktop,Russia
654,01JWA8EFJNYJB8A3ZBMY8PZE02,5/24/2025,Search,drop,Mobile,Russia
655,01JWA8EFJQW3YN87RJWPXR8KKE,07/03/2024,Search,start,Desktop,Russia
656,01JWA8EFJRMWJBC4AYQ970MT53,5/25/2025,Dashboard,complete,Mobile,Russia
657,01JWA8EFJSR03J2BTFD6P6ZKK4,2/28/2025,Search,click,Desktop,Japan
658,01JWA8EFJT5E0YXTP4S0Z953BF,5/13/2025,Search,drop,Desktop,United States
659,01JWA8EFJWRR0MNW108N37YZ2R,11/18/2024,Search,start,Desktop,United States
660,01JWA8EFJXYBYZW719M3GVG9YR,3/19/2025,Dashboard,click,Mobile,Japan
661,01JWA8EFJY7DM9JNM616D22SBA,11/14/2024,Login,click,Desktop,Russia
662,01JWA8EFJZ2DKEPN254490K6EA,12/10/2024,Cart,start,Mobile,Russia
663,01JWA8EFK0R424S7231YK3D9PR,10/26/2024,Search,start,Desktop,Russia
664,01JWA8EFK10HCKSB4AKGYFEECN,05/07/2025,Cart,start,Desktop,Japan
665,01JWA8EFK2RGEWSBXQDZ7Y7HSG,03/02/2025,Login,drop,Mobile,Russia
666,01JWA8EFK33FG74TNQG4R367MT,03/11/2025,Search,drop,Desktop,Japan
667,01JWA8EFK53E9SQ9TB1QEQDGQ6,4/13/2025,Dashboard,complete,Mobile,Russia
668,01JWA8EFK6SW11ND48SVYSE1V5,5/17/2025,Search,start,Desktop,Russia
669,01JWA8EFK7QNT3HRGX416EBGX5,11/08/2024,Login,click,Desktop,Russia
670,01JWA8EFK8P92415JEK87F1F2E,03/07/2025,Cart,start,Desktop,Russia
671,01JWA8EFK9EJKP230134D3559N,05/07/2025,Checkout,complete,Desktop,United States
672,01JWA8EFKA3N2Z6CXE5MBBYCFC,2/14/2025,Cart,click,Mobile,Japan
673,01JWA8EFKB5GH3EBJJ0Y271A4A,09/04/2024,Dashboard,start,Mobile,Japan
674,01JWA8EFKC1NCCY2KGDSPC086S,9/17/2024,Cart,start,Mobile,Russia
675,01JWA8EFKE3J27JGQYCS26Y8NX,11/10/2024,Search,complete,Mobile,Japan
676,01JWA8EFKFJ54TH5J7KKHNY995,11/27/2024,Login,drop,Mobile,Russia
677,01JWA8EFKGB2MTXJ450PZDN6SE,6/21/2024,Login,start,Mobile,Russia
678,01JWA8EFKHQZ99MQYA4GJ1JXYM,02/02/2025,Login,drop,Mobile,Japan
679,01JWA8EFKJJEZQQWV6G1BSQMM9,11/09/2024,Search,drop,Desktop,United States
680,01JWA8EFM2N40882MBK5F27P11,11/18/2024,Cart,complete,Mobile,Russia
681,01JWA8EFM32K0XDHT7X6T8NQ5W,07/09/2024,Cart,drop,Desktop,Russia
682,01JWA8EFM4WEF54CGY1K5SV597,03/09/2025,Login,click,Mobile,Netherlands
683,01JWA8EFM543SD57X3QVCKNVTF,07/04/2024,Cart,drop,Mobile,United States
684,01JWA8EFM6R8ZWP3BWHVFMZ5QQ,3/20/2025,Login,complete,Mobile,Russia
685,01JWA8EFM8SG1NNCHJCVRVJTV5,12/28/2024,Dashboard,drop,Mobile,Russia
686,01JWA8EFM94Z3NZV05GY3FRAZ7,11/27/2024,Search,complete,Mobile,Canada
687,01JWA8EFMA7EZMSV35Y5N7PRS9,12/06/2024,Dashboard,click,Mobile,Russia
688,01JWA8EFMBN6JRTVJ2STGVD88F,3/28/2025,Search,click,Desktop,Russia
689,01JWA8EFMCNZGG4RAJQN9ZFPRT,05/06/2025,Login,start,Mobile,United States
690,01JWA8EFMD6W6ZFEW1GHCJVKTV,9/13/2024,Cart,complete,Mobile,Russia
691,01JWA8EFMFVNEAZNBHSJQ927FX,09/08/2024,Login,complete,Mobile,Japan
692,01JWA8EFMGZGKY1YPTWZ4XTXRV,4/29/2025,Checkout,start,Mobile,United States
693,01JWA8EFMHP6RET4AP60253SD4,01/07/2025,Checkout,start,Desktop,Russia
694,01JWA8EFMJM153ZDG5JCHD94QB,04/10/2025,Checkout,drop,Mobile,United States
695,01JWA8EFMKT32CKV5YSNSWKR4V,2/16/2025,Login,complete,Mobile,Russia
696,01JWA8EFMM27XBG80B500JAMGK,10/22/2024,Login,start,Desktop,United States
697,01JWA8EFMNYKTF51GW10CG69HX,04/02/2025,Cart,complete,Desktop,Canada
698,01JWA8EFMPT77TSVVXZF4591GM,02/12/2025,Checkout,complete,Mobile,Russia
699,01JWA8EFMRDNYZV9T4Q4JY2WGM,2/22/2025,Login,click,Desktop,Russia
700,01JWA8EFMSAQD3VSRY5EB2F588,04/03/2025,Dashboard,click,Desktop,United Kingdom
701,01JWA8EFMTD49CRY302HHSSRBJ,03/06/2025,Cart,complete,Desktop,Russia
702,01JWA8EFMVS3T1EBADJSP9D4GW,11/17/2024,Cart,click,Mobile,United States
703,01JWA8EFMWEZKJVJHCCJK464R6,04/03/2025,Search,complete,Desktop,United Kingdom
704,01JWA8EFMX95QPZ06GSJ7BQ7RK,11/11/2024,Search,click,Desktop,Russia
705,01JWA8EFMZKN3ECGY9T8B2EHRR,08/08/2024,Login,complete,Desktop,Russia
706,01JWA8EFN06BTNNNPJF609430X,07/01/2024,Cart,complete,Mobile,Russia
707,01JWA8EFN1PGWBQQVX9DYZEC88,6/14/2024,Cart,click,Mobile,United States
708,01JWA8EFN2JMV54YAAYJ8QB0FD,8/29/2024,Search,click,Mobile,Japan
709,01JWA8EFN3VDX55EZF95CCD4E2,5/27/2024,Search,start,Desktop,Russia
710,01JWA8EFN4JR3348VDRJ6A8A59,3/17/2025,Dashboard,click,Desktop,Japan
711,01JWA8EFN5TX2WWSWHGQSWWE7M,12/23/2024,Checkout,start,Desktop,Russia
712,01JWA8EFN6R4BQ511J2B6ZW1ZK,3/17/2025,Dashboard,drop,Mobile,Russia
713,01JWA8EFN8C6TZH3B0MJXQPEH4,08/09/2024,Cart,click,Mobile,United Kingdom
714,01JWA8EFN9ZDG9KM5VSGVR71E2,4/14/2025,Dashboard,drop,Desktop,Russia
715,01JWA8EFNAWQY13NZ3QE3B3E22,8/15/2024,Search,start,Desktop,Russia
716,01JWA8EFNB6RR0BRCXZPY3MDB3,12/13/2024,Cart,start,Mobile,United States
717,01JWA8EFNC52XB4CD9EF2M9HG0,10/18/2024,Cart,click,Desktop,Russia
718,01JWA8EFNDF3HNP1W4TV0DQPP2,08/05/2024,Search,drop,Mobile,Russia
719,01JWA8EFNEDMBPBM2HSEP31778,10/21/2024,Dashboard,drop,Desktop,Russia
720,01JWA8EFNGX7FFQTFRJ8626SZH,3/14/2025,Login,click,Mobile,United States
721,01JWA8EFNH1JXWFXMF0ZENCJ20,08/04/2024,Login,start,Desktop,United States
722,01JWA8EFNJAQZZMY2KXXYPAZYS,1/25/2025,Checkout,complete,Desktop,United States
723,01JWA8EFNKY3CDA9ETYGFET9FT,8/28/2024,Login,complete,Mobile,Russia
724,01JWA8EFNM2A5EG4FEKR72Y00Y,08/05/2024,Checkout,click,Mobile,Canada
725,01JWA8EFNNDGYFDBVCMFZ6E2HA,11/14/2024,Login,start,Desktop,Russia
726,01JWA8EFNP4GDD0WSEMGZ2BZ06,3/29/2025,Checkout,drop,Desktop,Russia
727,01JWA8EFNRKQ7B3ZVMZX23CJMX,01/09/2025,Search,click,Mobile,Russia
728,01JWA8EFNSPP7WJQMHCX014KK8,3/27/2025,Checkout,drop,Desktop,Russia
729,01JWA8EFNT3CSPAM4DERT5YQR7,5/13/2025,Checkout,complete,Desktop,Japan
730,01JWA8EFNVPJYDNEAMNHNNGGE2,10/11/2024,Cart,complete,Desktop,Canada
731,01JWA8EFNW7CS39G533DNA3R5T,04/04/2025,Login,complete,Mobile,Canada
732,01JWA8EFNXYY2565F91261BRXG,1/20/2025,Dashboard,complete,Desktop,Russia
733,01JWA8EFNYK2S3X72Y3GP7VGPK,12/28/2024,Dashboard,start,Desktop,Ireland
734,01JWA8EFP0E4ZRXQPR7PPJDK70,03/05/2025,Login,start,Desktop,United States
735,01JWA8EFP1KE7VH49AHD2RQYG7,11/24/2024,Checkout,start,Mobile,Russia
736,01JWA8EFP2BCYN42EMSWGEXCPC,09/06/2024,Search,start,Mobile,Japan
737,01JWA8EFP31TQF2SM35EJ46Y86,10/21/2024,Cart,drop,Desktop,Japan
738,01JWA8EFP408TK7SFA48WNDZ27,12/20/2024,Search,complete,Mobile,Japan
739,01JWA8EFP56AQVXW2PTV7JEHTS,12/27/2024,Search,complete,Desktop,Russia
740,01JWA8EFP7Y3HDBQE8PKYX8QGP,06/12/2024,Search,complete,Mobile,Canada
741,01JWA8EFP89AC48N0CQHBP8KPB,7/15/2024,Checkout,click,Mobile,Russia
742,01JWA8EFP9P1HQ9CABBDE8J7W3,8/14/2024,Checkout,start,Desktop,Japan
743,01JWA8EFPA68D7AH8GQEHR6AX3,8/22/2024,Dashboard,click,Mobile,United Kingdom
744,01JWA8EFPBBP6FS1ZZZV97Z27N,03/04/2025,Search,complete,Desktop,Japan
745,01JWA8EFPCW5T03HV617XZ02RP,10/27/2024,Search,drop,Desktop,United States
746,01JWA8EFPD4VBXC37SXTQ12164,11/09/2024,Dashboard,complete,Mobile,Ireland
747,01JWA8EFPF37WC9X8AP02J5XVW,10/09/2024,Dashboard,drop,Mobile,Russia
748,01JWA8EFPG2B4NVCQH1MTC075Y,12/30/2024,Login,drop,Desktop,Russia
749,01JWA8EFPH4H362ADQH63AQZ68,12/06/2024,Checkout,drop,Desktop,Russia
750,01JWA8EFPJYGTWH3E8GB8BZV8T,10/01/2024,Checkout,start,Desktop,Russia
751,01JWA8EFPKFS9RBSGM34T8260D,1/29/2025,Search,complete,Desktop,Canada
752,01JWA8EFPMQF94XCVN865HTAY0,11/27/2024,Cart,start,Mobile,Canada
753,01JWA8EFPP5TD05KXQNCG36N3B,5/19/2025,Login,drop,Mobile,Japan
754,01JWA8EFPQZR9HB5BNTBBSRBXS,12/08/2024,Checkout,complete,Mobile,India
755,01JWA8EFPR51S61G0E2F6ESZTT,11/08/2024,Login,click,Mobile,Canada
756,01JWA8EFPSY73M5CA8WTHC9FXQ,01/04/2025,Dashboard,click,Desktop,United States
757,01JWA8EFPTNABXDMDRV6T8TZZG,11/08/2024,Dashboard,start,Desktop,Russia
758,01JWA8EFPVTG72DBHQBHFM0YQW,7/26/2024,Search,complete,Mobile,Netherlands
759,01JWA8EFPWRXNHXA1XT9GD69ME,2/27/2025,Login,complete,Mobile,United States
760,01JWA8EFPY72W53H1PAJD8TZKC,6/25/2024,Dashboard,drop,Desktop,Russia
761,01JWA8EFPZGS2AYPTA1AMS6Q7Y,3/23/2025,Dashboard,start,Mobile,Ireland
762,01JWA8EFQ0DVH781B0YMMJY3PD,1/15/2025,Login,start,Mobile,United States
763,01JWA8EFQ1C90Z5P989XTQMY1Y,4/21/2025,Dashboard,start,Mobile,United States
764,01JWA8EFQ2124H4JRXX1JAF24V,7/30/2024,Login,click,Mobile,United States
765,01JWA8EFQ48ZMXWA707CHCTG7X,9/23/2024,Cart,click,Mobile,United States
766,01JWA8EFQ559TWW2YMHGG3XSZ2,01/05/2025,Dashboard,drop,Mobile,Japan
767,01JWA8EFQ65V1QS1WKKETTNX8N,02/06/2025,Cart,drop,Mobile,Russia
768,01JWA8EFQ75Y2V43APJM1HQX22,07/06/2024,Checkout,click,Desktop,Russia
769,01JWA8EFQ8A1JDJSFJ32DNESAN,2/23/2025,Dashboard,drop,Mobile,Japan
770,01JWA8EFQ9GNX74JNJEJ8REAB8,12/13/2024,Search,drop,Desktop,Russia
771,01JWA8EFQB3TFAQ0XM4QRFB1GR,10/03/2024,Checkout,start,Mobile,Canada
772,01JWA8EFQC1FW843CZG6JG5V8R,6/24/2024,Login,start,Desktop,Russia
773,01JWA8EFQDHW0FP6M4F6CPXZ3R,8/16/2024,Login,complete,Mobile,Russia
774,01JWA8EFQEX5QZJP4TFM3QWJ78,8/22/2024,Login,start,Mobile,Canada
775,01JWA8EFQF810YQ7PP63Z8G87E,11/11/2024,Dashboard,click,Desktop,Russia
776,01JWA8EFQG32ZFV8JH3WW8JARH,11/04/2024,Dashboard,complete,Mobile,Russia
777,01JWA8EFQJ1RE20Z2144B1P5KE,8/27/2024,Cart,drop,Desktop,Russia
778,01JWA8EFQK4C9BMS6ZSZ69Z8NV,01/02/2025,Login,start,Desktop,Netherlands
779,01JWA8EFQM7DRFZRKXPJGDD17K,02/02/2025,Login,click,Desktop,Russia
780,01JWA8EFQN4Y13YFGT0WB0K1M3,12/30/2024,Login,complete,Desktop,United States
781,01JWA8EFQPNXPRQQHFMPHZRKSD,6/27/2024,Checkout,drop,Mobile,Japan
782,01JWA8EFQS8E0QNE9ZWQ71WZHS,06/05/2024,Search,drop,Mobile,Japan
783,01JWA8EFQTHQK4ECMGRXC81RJ3,10/17/2024,Cart,start,Mobile,United States
784,01JWA8EFQVSPD4NPDMHQAWBXBT,9/28/2024,Cart,drop,Mobile,Russia
785,01JWA8EFQXAJ8MG1PA492CZCEJ,1/31/2025,Login,start,Mobile,Russia
786,01JWA8EFR02BMPH4E3A8TMFX8Y,06/04/2024,Checkout,drop,Mobile,United States
787,01JWA8EFR3K7A86VRDP8Y1TT65,3/31/2025,Checkout,start,Desktop,Netherlands
788,01JWA8EFR4S4ERTWZH04Q9F86V,3/17/2025,Login,complete,Desktop,Russia
789,01JWA8EFR5DNKQ5ZT7PJHA0P7Q,9/13/2024,Checkout,complete,Mobile,Ireland
790,01JWA8EFR6KWAHCQQ1Q7G74GG9,02/09/2025,Cart,click,Desktop,United States
791,01JWA8EFR8QV15DXX946DHW9HN,6/15/2024,Dashboard,complete,Desktop,Canada
792,01JWA8EFR9YXGNGDG1DB476ZN7,11/14/2024,Login,start,Mobile,Japan
793,01JWA8EFRAQ10RCVK5RCG8YBDC,02/05/2025,Search,complete,Mobile,Japan
794,01JWA8EFRCZ28JR32NRMV8MTJ6,10/28/2024,Search,drop,Desktop,Russia
795,01JWA8EFRDQF7CZ9762SGX7CG2,02/08/2025,Cart,start,Mobile,United States
796,01JWA8EFREAHVX022GMZ2BSFBW,11/18/2024,Cart,drop,Mobile,Russia
797,01JWA8EFRF9HHYNB0GEXSHTGJY,3/22/2025,Cart,complete,Desktop,United States
798,01JWA8EFRGZW8ZWWKV7MDCJDDW,11/26/2024,Cart,drop,Desktop,Russia
799,01JWA8EFRH93A4KNJMWHCR2ZEB,3/16/2025,Dashboard,start,Mobile,Russia
800,01JWA8EFRKPK4JQ7HCE1ZH2EZH,8/28/2024,Dashboard,click,Mobile,Russia
801,01JWA8EFRM3VN609S65KDJR1R5,3/17/2025,Cart,complete,Mobile,Japan
802,01JWA8EFRNY0PJ9Y1K4W2X25KN,01/12/2025,Dashboard,drop,Mobile,Netherlands
803,01JWA8EFRP5KBR3J56XC65T6FK,11/22/2024,Dashboard,click,Desktop,Russia
804,01JWA8EFRQGQFT4Q1YH67A8SNF,12/01/2024,Dashboard,start,Desktop,Russia
805,01JWA8EFRS88RZTJQ40KQVS7DS,06/06/2024,Checkout,click,Mobile,Japan
806,01JWA8EFRTP4RYYJ7DFRCJ7RXG,12/17/2024,Checkout,complete,Mobile,Russia
807,01JWA8EFRVR6MYMDR2GQHPN9M8,11/07/2024,Login,click,Mobile,Russia
808,01JWA8EFRWCE9VZH5WA5JXG6CM,9/15/2024,Search,drop,Mobile,Canada
809,01JWA8EFRXA1P36C8QX0EV62MA,7/30/2024,Dashboard,start,Mobile,Russia
810,01JWA8EFRZ8QQEF53WEHNXZ8NF,8/26/2024,Login,click,Desktop,Russia
811,01JWA8EFS0391ZR0T1RJF59R3E,08/06/2024,Login,complete,Mobile,Russia
812,01JWA8EFS1QX4A8HJMK8ZHPKGD,09/05/2024,Login,complete,Mobile,Japan
813,01JWA8EFS2RJ9TASAXNMCGMSV6,1/13/2025,Dashboard,click,Mobile,Japan
814,01JWA8EFS35XFMGWTZ8YRV9BFN,01/07/2025,Search,click,Mobile,Japan
815,01JWA8EFS4079VN732ZZWGVZ5Q,3/28/2025,Checkout,start,Desktop,United States
816,01JWA8EFS5ZR4Z6C07SWSYWKM1,6/15/2024,Cart,complete,Mobile,Russia
817,01JWA8EFS671F2YZW1NW4Y1C08,08/12/2024,Checkout,start,Desktop,Russia
818,01JWA8EFS7TF5YFDWC17S2FJCP,12/31/2024,Cart,click,Desktop,Japan
819,01JWA8EFS910MK271E43J4MPF6,7/14/2024,Dashboard,drop,Mobile,United States
820,01JWA8EFSA2C4YWC3J5PGBP8C1,8/19/2024,Login,drop,Desktop,Japan
821,01JWA8EFSBBMSAQNHQJV75XH8T,3/14/2025,Login,click,Mobile,Russia
822,01JWA8EFSCPHTVD3B52WGGN7T8,10/23/2024,Login,click,Mobile,United States
823,01JWA8EFSDDZV1PEC66T1N4XBG,8/24/2024,Checkout,start,Desktop,Russia
824,01JWA8EFSECKXHW14AT4K06ZW1,03/05/2025,Dashboard,complete,Desktop,Canada
825,01JWA8EFSF06DDCX66AG4M8R1J,4/16/2025,Checkout,click,Desktop,Russia
826,01JWA8EFSG0KMGT4RE94FKYDV9,7/15/2024,Cart,complete,Mobile,Canada
827,01JWA8EFSJ2KY808RBN79HW9AK,03/03/2025,Login,click,Desktop,United States
828,01JWA8EFSK24MXDSPSY63DK7EJ,08/07/2024,Search,drop,Mobile,Russia
829,01JWA8EFSMQ4E0B0269SFRCRW5,5/14/2025,Dashboard,drop,Mobile,Netherlands
830,01JWA8EFSN2EX81YJ7VXMZY788,5/31/2024,Checkout,start,Desktop,United States
831,01JWA8EFSPQFSV7Q3EFN3HJDT2,12/26/2024,Cart,click,Mobile,Russia
832,01JWA8EFSQ8TAJYHVSMNYPX4VW,03/05/2025,Cart,start,Desktop,United States
833,01JWA8EFSRJ4YZ899F19A2FEVQ,9/24/2024,Search,drop,Desktop,Japan
834,01JWA8EFSSFY7AYTWZYMAMZ1JA,4/30/2025,Checkout,complete,Mobile,Russia
835,01JWA8EFSVNQ6T2WVT57HXFM1H,10/05/2024,Dashboard,drop,Desktop,Russia
836,01JWA8EFSWJT0P919WJ0FCC507,04/11/2025,Login,drop,Desktop,United States
837,01JWA8EFSX1C8ES1QHBPJJ3MSX,10/20/2024,Dashboard,drop,Mobile,Russia
838,01JWA8EFSYVN79A9PE926QZM41,12/17/2024,Dashboard,drop,Mobile,Russia
839,01JWA8EFSZAHHVCCQN7EC864NT,01/05/2025,Login,complete,Desktop,Russia
840,01JWA8EFT1C61S5BGM5TA0DFNJ,06/08/2024,Search,drop,Desktop,Russia
841,01JWA8EFT23EBJ7VE60542AJ91,8/14/2024,Cart,drop,Mobile,United States
842,01JWA8EFT3B2X3X8Q28HA0A9BB,03/01/2025,Login,complete,Desktop,Russia
843,01JWA8EFT45JQAD5KNAR5BRRRK,08/10/2024,Login,drop,Desktop,Russia
844,01JWA8EFT5HYNXJQBNVJX93EJM,10/02/2024,Checkout,drop,Mobile,Russia
845,01JWA8EFT7AC0DSH2077ZR5ZSP,12/06/2024,Cart,drop,Mobile,United States
846,01JWA8EFT8SX6QZGA7TX7JTZGH,05/02/2025,Search,complete,Desktop,Canada
847,01JWA8EFT9851KSH1HHC0AY3EV,05/07/2025,Search,click,Mobile,Netherlands
848,01JWA8EFTAZC0W6J35CQ2EZQWM,5/13/2025,Dashboard,start,Desktop,Russia
849,01JWA8EFTBMJV562C5V7590GFE,10/18/2024,Cart,start,Mobile,Russia
850,01JWA8EFTC8TDA4K71X6VE0BR4,5/15/2025,Checkout,complete,Desktop,Russia
851,01JWA8EFTEJBQ5HAH6BEV1Y3EE,2/21/2025,Checkout,drop,Desktop,United States
852,01JWA8EFTF42BSAMK8KDJJAEF5,9/19/2024,Search,complete,Mobile,Japan
853,01JWA8EFTG39PBYDBS8WBYAJ10,09/03/2024,Checkout,start,Mobile,United States
854,01JWA8EFTHYCHJD6SXEQAY1APR,9/20/2024,Cart,click,Mobile,Russia
855,01JWA8EFTM2P0MMBBSBV9D6TQZ,12/15/2024,Search,complete,Desktop,United States
856,01JWA8EFTN0FJ44RFP34B39PDA,11/03/2024,Login,drop,Desktop,Russia
857,01JWA8EFTPCCJMHYJJ4QJ9NHV1,02/02/2025,Checkout,click,Desktop,Russia
858,01JWA8EFTRRQXK1ZTXQQBPSNVH,05/11/2025,Login,drop,Desktop,United States
859,01JWA8EFTSRF4T1NKRK3QD58P6,6/21/2024,Search,complete,Desktop,Russia
860,01JWA8EFTTXQ9MSJ9MF29HSDSB,3/14/2025,Dashboard,click,Desktop,United States
861,01JWA8EFTV6K9F2A0HVHH5WF8W,11/16/2024,Dashboard,drop,Desktop,Russia
862,01JWA8EFTYVTS7RXY5J1Y80MK3,7/26/2024,Search,drop,Desktop,Japan
863,01JWA8EFTZPNFYKJX3HDJ5WDRB,9/25/2024,Dashboard,drop,Desktop,Russia
864,01JWA8EFV1HYMNBRZ4Q795ARAB,12/11/2024,Checkout,complete,Mobile,Russia
865,01JWA8EFV3R3Q3JKGVCSSHA9WC,01/06/2025,Login,click,Mobile,United Kingdom
866,01JWA8EFV477V95NY7S0JTHJ69,6/21/2024,Dashboard,click,Mobile,United States
867,01JWA8EFV6N1AHR3F42TDC2DV9,12/05/2024,Dashboard,drop,Desktop,Japan
868,01JWA8EFV7JTNF362583Y4DVZP,1/21/2025,Search,click,Mobile,Canada
869,01JWA8EFV8MAYZTWR2ZFHAGFP4,8/21/2024,Cart,drop,Mobile,United States
870,01JWA8EFV9PPEZRZ2GSTJSVTHH,08/04/2024,Checkout,start,Desktop,Russia
871,01JWA8EFVASYGBT7R9GBCTWD5E,02/04/2025,Cart,click,Mobile,Russia
872,01JWA8EFVBE1PEG8E04QC3DNCD,08/06/2024,Search,click,Mobile,Canada
873,01JWA8EFVDH0QBQC5AFA0ZKVQP,8/27/2024,Login,click,Mobile,Canada
874,01JWA8EFVEJF7A20RP1M04E6V1,09/04/2024,Cart,drop,Desktop,Russia
875,01JWA8EFVFQ2ZHKY3W7E78JKZH,04/04/2025,Cart,start,Desktop,Netherlands
876,01JWA8EFVGW6BRZA6JXEA88D6C,5/20/2025,Cart,drop,Mobile,Russia
877,01JWA8EFVHP758DG6X7SFRJZ8R,4/18/2025,Dashboard,click,Mobile,United States
878,01JWA8EFVKQS6MXFCRMR3EPS48,07/12/2024,Cart,click,Mobile,United States
879,01JWA8EFVNGP07G3GQDDN44K1G,3/18/2025,Checkout,complete,Mobile,Japan
880,01JWA8EFVP98E096NY7N7VGDW3,06/10/2024,Login,drop,Desktop,Japan
881,01JWA8EFVRK486ZT0DWK1VF94C,10/22/2024,Dashboard,drop,Mobile,United States
882,01JWA8EFVSD85RAHVDGHA2ZWQ8,2/23/2025,Checkout,drop,Desktop,Russia
883,01JWA8EFVWS5HT19BMQJ20E8D7,04/02/2025,Search,complete,Mobile,Ireland
884,01JWA8EFVYA5NX28W5NMQ9X2FG,2/18/2025,Search,start,Mobile,United States
885,01JWA8EFVZ1CPQBHCAWG6G3K37,9/19/2024,Search,drop,Desktop,Russia
886,01JWA8EFW16C1AZR4WVW1NTM0Z,06/05/2024,Search,start,Mobile,Russia
887,01JWA8EFW2ER82WM5X498MCJ9R,06/06/2024,Checkout,complete,Mobile,Japan
888,01JWA8EFW3Q52YF52RC2QPE3TX,10/03/2024,Checkout,start,Mobile,Japan
889,01JWA8EFW4VJ9DTWEQ5QV8EKXT,01/08/2025,Cart,start,Desktop,Russia
890,01JWA8EFW5JPG4K2E0G315AGP6,7/31/2024,Checkout,drop,Mobile,Russia
891,01JWA8EFW7NX32X5VTVAZ2C972,12/21/2024,Search,complete,Mobile,United States
892,01JWA8EFW8Y83FA0F5E3FF3RWH,9/29/2024,Search,drop,Mobile,United States
893,01JWA8EFWBZCX8KP324N7WGXV0,12/25/2024,Dashboard,click,Desktop,United States
894,01JWA8EFWEH8D4YQ0NFFDYEN1V,6/25/2024,Login,click,Desktop,Russia
895,01JWA8EFWFK1AHCJDC904KTDQM,07/08/2024,Cart,complete,Mobile,Japan
896,01JWA8EFWGJP90FNYEYYW970PR,6/26/2024,Search,click,Mobile,Netherlands
897,01JWA8EFWHSRFCH78NC3H3FTNK,03/10/2025,Checkout,click,Desktop,United States
898,01JWA8EFWKQH6XSWKZNM8QCHH2,10/13/2024,Login,drop,Mobile,Netherlands
899,01JWA8EFWMMCG0AFC4YRB5MNH0,10/06/2024,Checkout,click,Mobile,Japan
900,01JWA8EFWNY1RA6W246TGT4BGV,3/30/2025,Dashboard,start,Desktop,Russia
901,01JWA8EFWQKVV1XC29CZ8SM2KF,02/12/2025,Login,start,Mobile,Russia
902,01JWA8EFWTB5W2D8G34ZMABQXM,9/14/2024,Checkout,start,Desktop,Russia
903,01JWA8EFWVCV2D9QA16F1P0K6W,1/18/2025,Search,drop,Mobile,Japan
904,01JWA8EFWW28E30BHN513FXEK5,10/07/2024,Login,complete,Mobile,Netherlands
905,01JWA8EFWYXR8DR2X9RGN1NTFG,10/30/2024,Checkout,start,Desktop,Russia
906,01JWA8EFWZNG3BHTMCGW91ED48,3/18/2025,Dashboard,click,Mobile,Russia
907,01JWA8EFX1Z5BPGR8B8Z33XNT8,08/08/2024,Search,start,Mobile,Russia
908,01JWA8EFX3WV3KWMTEEG7YR7D6,8/21/2024,Cart,complete,Mobile,United States
909,01JWA8EFX66HD8E60RBRZCH02W,7/15/2024,Dashboard,start,Mobile,Russia
910,01JWA8EFX76QGND1F03FW7GYSZ,3/18/2025,Dashboard,click,Mobile,Russia
911,01JWA8EFX86R7DNXBEKD1ZDG1Q,5/27/2024,Cart,click,Mobile,Russia
912,01JWA8EFXBBZ960AE01WCGHRDD,01/05/2025,Login,drop,Desktop,Russia
913,01JWA8EFXCRYPXZ6BBCCWQWB6X,10/30/2024,Login,start,Desktop,United States
914,01JWA8EFXDVZKBBNPDT75PGWEC,5/13/2025,Checkout,drop,Mobile,Canada
915,01JWA8EFXFZJYD24P60BY3EJVK,2/17/2025,Cart,start,Desktop,Japan
916,01JWA8EFXG1HJW012X1DHGRA7S,4/27/2025,Login,drop,Mobile,Russia
917,01JWA8EFXHJ0FM5JXVJM3CSNAY,02/12/2025,Login,complete,Mobile,United States
918,01JWA8EFXJQYNGXEC3QJ4B1982,1/22/2025,Cart,click,Desktop,United States
919,01JWA8EFXKCRQ5EFV41RZ5T0TV,10/02/2024,Dashboard,drop,Mobile,Ireland
920,01JWA8EFXMRKQPBTD7K9508FSA,5/20/2025,Cart,click,Mobile,Japan
921,01JWA8EFXPH0XQX65HXAP923PD,07/08/2024,Cart,click,Mobile,Russia
922,01JWA8EFXQTCG222P6F5CB0F88,07/05/2024,Cart,click,Mobile,Russia
923,01JWA8EFXRGJJTCGWFE6F2ZS8Z,2/18/2025,Cart,start,Desktop,Japan
924,01JWA8EFXS2V1AYKNWPMPF8EFF,1/25/2025,Checkout,complete,Desktop,Japan
925,01JWA8EFXTNWQ3KHCXQ1TY6ZHZ,02/02/2025,Checkout,start,Mobile,Russia
926,01JWA8EFXVED9CEW5AQAMHBPPP,11/10/2024,Login,start,Desktop,Canada
927,01JWA8EFXW00YWXJRWYRA2ZAQ0,05/09/2025,Login,click,Mobile,Russia
928,01JWA8EFXXWWBNVFPX98PH2G5G,05/02/2025,Checkout,complete,Desktop,Russia
929,01JWA8EFXY1G4MRNNT803RH1S1,01/12/2025,Cart,drop,Desktop,Russia
930,01JWA8EFY0SRM2WBYA52DHJNS2,3/19/2025,Search,complete,Mobile,Russia
931,01JWA8EFY1AZR5SNZ4JVKNHKKT,8/27/2024,Login,complete,Desktop,Russia
932,01JWA8EFY4WDDNHVMBBGFGQNCR,07/11/2024,Dashboard,start,Mobile,Russia
933,01JWA8EFY5TMP59TAV6TMM7WH9,12/15/2024,Dashboard,start,Desktop,Canada
934,01JWA8EFY76Y8P47WYX5JK97TA,2/24/2025,Checkout,start,Mobile,Russia
935,01JWA8EFY9FE1W5FZMJ81EYX5F,8/22/2024,Dashboard,drop,Desktop,Japan
936,01JWA8EFYBWNHHSRBM204PZY8V,3/19/2025,Dashboard,complete,Desktop,United States
937,01JWA8EFYC8JTGT2PCD4BB9FEF,7/23/2024,Search,click,Desktop,Japan
938,01JWA8EFYDF9NX823WKFXK2MP5,12/04/2024,Search,drop,Desktop,Japan
939,01JWA8EFYES2J90Y2S4GVH3YGJ,2/18/2025,Cart,click,Mobile,Japan
940,01JWA8EFYG8C1T7Y8X0PW7H902,10/20/2024,Search,drop,Mobile,Russia
941,01JWA8EFYH2JFS2DQ2G9GFD8NT,05/09/2025,Login,start,Desktop,Russia
942,01JWA8EFYJ3276A5G253HBS3MQ,03/07/2025,Search,drop,Desktop,Russia
943,01JWA8EFYM6J7E5Z105M2Z05H3,11/19/2024,Cart,click,Desktop,Canada
944,01JWA8EFYPHJNKWCMV9454EGKG,9/24/2024,Checkout,start,Mobile,United States
945,01JWA8EFYQBRVT9GG7QB6J7PPY,2/26/2025,Search,start,Desktop,Russia
946,01JWA8EFYSJ1XJ899GPMR9XE72,8/15/2024,Dashboard,drop,Desktop,Netherlands
947,01JWA8EFYV85ET8B244G0RDAPB,2/20/2025,Cart,click,Desktop,Russia
948,01JWA8EFYXN0PH74MGG0N4REG0,9/13/2024,Cart,click,Desktop,Russia
949,01JWA8EFYZ4H0ACGTJFNWJD97B,6/15/2024,Login,click,Mobile,Netherlands
950,01JWA8EFZ0HRVJ4DV6C3HZP1TE,6/26/2024,Search,complete,Mobile,United States
951,01JWA8EFZ36AKK9JCN96QRJ75X,09/09/2024,Search,drop,Mobile,Russia
952,01JWA8EFZ51YS8J12AAJZFH3FA,10/20/2024,Cart,drop,Mobile,United States
953,01JWA8EFZ6K0ZA0VJ22XVHF6AG,09/04/2024,Search,start,Mobile,United States
954,01JWA8EFZ78SXQYJFZ0NK9KFXE,3/26/2025,Dashboard,start,Desktop,United States
955,01JWA8EFZ82RPM6YPBZ3NFH4JX,1/13/2025,Login,drop,Mobile,Netherlands
956,01JWA8EFZ9TK1RDZTE67EXF1G8,10/12/2024,Search,drop,Desktop,Canada
957,01JWA8EFZBRP2XB5WDPD8CVNBW,6/25/2024,Cart,drop,Desktop,Japan
958,01JWA8EFZCE41JKF91PK2PH2V6,6/14/2024,Search,drop,Mobile,Russia
959,01JWA8EFZDP6A3PVJFQ9MEA9MK,5/22/2025,Cart,click,Mobile,Japan
960,01JWA8EFZFPZ54DKMRMMPEGBMM,2/17/2025,Search,start,Desktop,Russia
961,01JWA8EFZHC0EDSZ06W9PN54PT,1/18/2025,Checkout,start,Desktop,Russia
962,01JWA8EFZM4QQ0WRAGERX2EQ42,08/05/2024,Dashboard,drop,Mobile,Russia
963,01JWA8EFZNAPZE1WYGFT6WDNE2,03/07/2025,Checkout,complete,Desktop,Russia
964,01JWA8EFZPYT1T0A385V2P0C3K,11/03/2024,Cart,complete,Mobile,Russia
965,01JWA8EFZRBD5X3Q715W1BBTEW,04/11/2025,Login,start,Desktop,Japan
966,01JWA8EFZTZH5PCE4FRQE3WFH0,11/14/2024,Search,complete,Mobile,United States
967,01JWA8EFZX2Y0EC64HCCFH9W98,03/08/2025,Checkout,click,Mobile,Japan
968,01JWA8EFZZCD6GED3RZV0EYAS4,6/19/2024,Search,drop,Desktop,Russia
969,01JWA8EG00BC9FCKSX6WKSTGRY,07/12/2024,Checkout,start,Mobile,Canada
970,01JWA8EG01RECBBFNVP90NZV6V,10/05/2024,Checkout,click,Mobile,United States
971,01JWA8EG02WZXVWP95W0ETJX10,08/09/2024,Cart,drop,Desktop,Ireland
972,01JWA8EG03KMW79GZ3S9G80DRF,10/27/2024,Checkout,start,Mobile,Canada
973,01JWA8EG0544GSATFS3R1GB1GR,03/09/2025,Cart,complete,Mobile,Canada
974,01JWA8EG06T31F6YS58RCAR5JW,12/07/2024,Search,complete,Desktop,Ireland
975,01JWA8EG079Q9SY7QGB8FEYMEW,2/22/2025,Cart,start,Mobile,Japan
976,01JWA8EG08A5K9RSX1AWRCWE8S,5/25/2025,Checkout,start,Mobile,United States
977,01JWA8EG0B8X8MNNS8YDF24M3T,07/10/2024,Checkout,start,Desktop,Russia
978,01JWA8EG0D7AZ1QXV0K2JKQN1K,07/05/2024,Dashboard,drop,Desktop,Canada
979,01JWA8EG0EJTAY6P2BAYJH6470,8/24/2024,Checkout,drop,Desktop,Russia
980,01JWA8EG0GRDA7SSDDPMNJECQC,10/24/2024,Login,drop,Desktop,Canada
981,01JWA8EG0HZ0B8S6V7NJDPTKNC,2/23/2025,Checkout,start,Mobile,Japan
982,01JWA8EG0JJ9B1DS93FD92NKK2,4/24/2025,Login,drop,Mobile,United States
983,01JWA8EG0MSP5QRTJ2ED70FMG7,9/27/2024,Dashboard,complete,Desktop,Russia
984,01JWA8EG0NKSVEECGGMWW34BF9,01/08/2025,Dashboard,start,Mobile,Japan
985,01JWA8EG0Q3C1FM4QFVT6PE1V4,07/10/2024,Search,click,Desktop,Russia
986,01JWA8EG0RTNHGSN00NRA78WNK,9/20/2024,Login,click,Desktop,United States
987,01JWA8EG0TTYDETA9HP56F53VR,6/22/2024,Dashboard,start,Desktop,United Kingdom
988,01JWA8EG0WB37G7NPEYFVZJKGD,02/11/2025,Login,complete,Mobile,Russia
989,01JWA8EG0XMK34QWXAN3EVV17S,9/30/2024,Dashboard,drop,Desktop,Russia
990,01JWA8EG0ZSD0G9360KS8ZJE4M,5/24/2025,Checkout,complete,Desktop,Japan
991,01JWA8EG10ESM27TNT21HBK9CV,07/01/2024,Dashboard,drop,Desktop,Russia
992,01JWA8EG11SQP58JNCAEJ8CPH1,4/21/2025,Checkout,start,Mobile,United States
993,01JWA8EG13JVSN0SZTNRERP5DY,11/25/2024,Login,drop,Desktop,Japan
994,01JWA8EG14FQ92WQCYSYZ0WHNV,8/23/2024,Login,complete,Mobile,Russia
995,01JWA8EG15YQ0Y3QC8G5ZQGZRB,6/26/2024,Search,drop,Desktop,Russia
996,01JWA8EG16Z10WVWEJVV8VW5KJ,10/29/2024,Search,start,Mobile,Russia
997,01JWA8EG176KDYVW0B2ES1FMAT,10/06/2024,Dashboard,complete,Desktop,Japan
998,01JWA8EG1845T3ZJE50TQT2KV1,9/29/2024,Login,click,Mobile,Russia
999,01JWA8EG1BFDZM426Z0KMBTQ6S,12/08/2024,Dashboard,start,Mobile,Russia
1000,01JWA8EG1D47N7YW5NGZGB1ETN,7/31/2024,Login,click,Desktop,Japan
